product_id,brand,modified_brand
AH2430,None,
G27341,Adidas,Adidas
CM0081,Adidas,Adidas
B44832,Adidas,Adidas
D98205,Adidas,Adidas
B75586,Adidas,Adidas
CG4051,Adidas,Adidas
CM0080,Adidas,Adidas
B75990,Adidas,Adidas
EE5761,Adidas,Adidas
EE4553,Adidas,Adidas
EF9315,Adidas,Adidas
F35281,Adidas,Adidas
EF9220,Adidas,Adidas
EG0000,Adidas,Adidas
B44889,Adidas,Adidas
CL7417,Adidas,Adidas
CL7408,Adidas,Adidas
B43601,Adidas,Adidas
EE8245,Adidas,Adidas
EE8042,Adidas,Adidas
CL7429,Adidas,Adidas
CL7370,Adidas,Adidas
EE9946,Adidas,Adidas
CK9741,Adidas,Adidas
CL7363,Adidas,Adidas
CL7372,Adidas,Adidas
CL7430,Adidas,Adidas
F34485,Adidas,Adidas
CL7365,Adidas,Adidas
CL7373,Adidas,Adidas
CL7364,Adidas,Adidas
CL7374,Adidas,Adidas
EE8167,Adidas,Adidas
CL7410,Adidas,Adidas
CL7401,Adidas,Adidas
EE8219,Adidas,Adidas
CL7402,Adidas,Adidas
EE9929,Adidas,Adidas
EE8221,Adidas,Adidas
EE8224,Adidas,Adidas
EE9941,Adidas,Adidas
EE8522,Adidas,Adidas
EE9932,Adidas,Adidas
EE8375,Adidas,Adidas
EE9798,Adidas,Adidas
EE8502,Adidas,Adidas
EF0450,Adidas,Adidas
CL7375,Adidas,Adidas
EF0446,Adidas,Adidas
EF0529,Adidas,Adidas
EE9940,Adidas,Adidas
EE4954,Adidas,Adidas
G27996,None,
CL4156,Adidas,Adidas
EE4893,Adidas,Adidas
EE9937,Adidas,Adidas
G27649,Adidas,Adidas
EE9797,Adidas,Adidas
CI9914,Adidas,Adidas
EE8252,Adidas,Adidas
CK9664,Adidas,Adidas
EE8501,Adidas,Adidas
CL7602,Adidas,Adidas
CL7494,Adidas,Adidas
EE7923,Adidas,Adidas
EE5566,Adidas,Adidas
CI1821,Adidas,Adidas
CJ0082,Adidas,Adidas
CJ8062,Adidas,Adidas
EE6038,Adidas,Adidas
CM0068,Adidas,Adidas
CK9830,Adidas,Adidas
CJ0080,Adidas,Adidas
EG4957,Adidas,Adidas
BD7438,Adidas,Adidas
B75579,Adidas,Adidas
CM0057,Adidas,Adidas
CL0206,Adidas,Adidas
CJ8058,Adidas,Adidas
BZ0086,Adidas,Adidas
CJ8117,Adidas,Adidas
CJ8073,Adidas,Adidas
CL7551,Adidas,Adidas
AC8122,Adidas,Adidas
CM8453,Adidas,Adidas
EE3625,Adidas,Adidas
CM0031,Adidas,Adidas
EE7697,Adidas,Adidas
F36159,Adidas,Adidas
F35028,Adidas,Adidas
AC7042,Adidas,Adidas
CJ8053,Adidas,Adidas
BC0836,Adidas,Adidas
F35275,Adidas,Adidas
CJ8115,Adidas,Adidas
CJ8089,Adidas,Adidas
EE6128,Adidas,Adidas
CJ8118,Adidas,Adidas
CL7328,Adidas,Adidas
CL7470,Adidas,Adidas
CL7541,Adidas,Adidas
CL9928,Adidas,Adidas
CM0045,Adidas,Adidas
CL7599,Adidas,Adidas
CM0069,Adidas,Adidas
CL7511,None,
CL7552,Adidas,Adidas
EE9816,Adidas,Adidas
CL7545,Adidas,Adidas
EE5060,Adidas,Adidas
F36718,Adidas,Adidas
CL9927,Adidas,Adidas
CL7285,Adidas,Adidas
CL7471,Adidas,Adidas
B96360,Adidas,Adidas
EE5778,Adidas,Adidas
EE4519,Adidas,Adidas
EE4504,Adidas,Adidas
EE4697,Adidas,Adidas
CM0044,Adidas,Adidas
EE6045,Adidas,Adidas
CG6091,Adidas,Adidas
G27834,Adidas,Adidas
CL7598,Adidas,Adidas
EE4709,Adidas,Adidas
EE4948,Adidas,Adidas
EE9671,Adidas,Adidas
EE7046,Adidas,Adidas
EF0451,Adidas,Adidas
EE4561,Adidas,Adidas
CL7601,Adidas,Adidas
CL7330,Adidas,Adidas
CM6625,Adidas,Adidas
FV3395,Adidas,Adidas
EF9317,Adidas,Adidas
EF4954,Adidas,Adidas
EE7104,Adidas,Adidas
FV4070,Adidas,Adidas
FV3918,Adidas,Adidas
EE5055,Adidas,Adidas
CM6626,Adidas,Adidas
CQ2030,Adidas,Adidas
EE5292,Adidas,Adidas
BD8041,Adidas,Adidas
B37719,Adidas,Adidas
EE4505,Adidas,Adidas
CM0072,Adidas,Adidas
EF0795,Adidas,Adidas
EE5875,Adidas,Adidas
EE4947,Adidas,Adidas
CM6627,Adidas,Adidas
CQ2039,Adidas,Adidas
CG6193,Adidas,Adidas
S82260,Adidas,Adidas
EE4945,Adidas,Adidas
EE7155,Adidas,Adidas
B44846,Adidas,Adidas
EE6044,Adidas,Adidas
EH0192,None,
EE7045,Adidas,Adidas
CL7646,Adidas,Adidas
CL7346,Adidas,Adidas
EE5777,Adidas,Adidas
AQ1210,Adidas,Adidas
EF5925,Adidas,Adidas
EE7032,Adidas,Adidas
EE7708,Adidas,Adidas
AQ1119,Adidas,Adidas
F34311,Adidas,Adidas
CL7645,Adidas,Adidas
EE5089,Adidas,Adidas
CL7565,Adidas,Adidas
G27727,Adidas,Adidas
B44697,Adidas,Adidas
CL7400,Adidas,Adidas
CL7437,Adidas,Adidas
CL7563,Adidas,Adidas
CL7460,Adidas,Adidas
CL7507,Adidas,Adidas
CM0061,Adidas,Adidas
F34308,Adidas,Adidas
CL7506,Adidas,Adidas
CL7344,Adidas,Adidas
EE5318,Adidas,Adidas
CL7564,Adidas,Adidas
CL7439,Adidas,Adidas
CL7345,Adidas,Adidas
CL7644,Adidas,Adidas
CL7438,Adidas,Adidas
CK9843,Adidas,Adidas
EE8738,Adidas,Adidas
CL7576,Adidas,Adidas
CL7482,Adidas,Adidas
EE6129,Adidas,Adidas
EG3290,Adidas,Adidas
CL7467,Adidas,Adidas
EF1426,Adidas,Adidas
CL7264,Adidas,Adidas
CL7472,Adidas,Adidas
CL7560,Adidas,Adidas
EE4574,Adidas,Adidas
CL7445,Adidas,Adidas
CL7404,Adidas,Adidas
CL7515,Adidas,Adidas
EE4763,Adidas,Adidas
CL7616,Adidas,Adidas
CL7591,Adidas,Adidas
CK9831,Adidas,Adidas
EF2508,Adidas,Adidas
CL7495,Adidas,Adidas
EE5592,Adidas,Adidas
EE5398,None,
EE5304,Adidas,Adidas
EE7242,Adidas,Adidas
CM0064,Adidas,Adidas
EE7885,Adidas,Adidas
CM0049,Adidas,Adidas
CL7548,Adidas,Adidas
CK1088,Adidas,Adidas
CL7263,Adidas,Adidas
CL7483,Adidas,Adidas
F34340,Adidas,Adidas
CL7590,Adidas,Adidas
CM0030,Adidas,Adidas
CL7468,Adidas,Adidas
EE8076,Adidas,Adidas
CM5955,Adidas,Adidas
B44870,Adidas,Adidas
CL7265,Adidas,Adidas
CL7484,Adidas,Adidas
CL7537,Adidas,Adidas
EE8088,Adidas,Adidas
CL7577,Adidas,Adidas
CM0058,Adidas,Adidas
EE7698,Adidas,Adidas
CM0009,Adidas,Adidas
EE7884,Adidas,Adidas
F36922,Adidas,Adidas
DB3114,Adidas,Adidas
F36217,Adidas,Adidas
EE8272,Adidas,Adidas
CL7538,Adidas,Adidas
EF0695,Adidas,Adidas
DB3599,Adidas,Adidas
CL7321,Adidas,Adidas
DB2117,Adidas,Adidas
EE4698,Adidas,Adidas
B28166,Adidas,Adidas
DB3259,Adidas,Adidas
EE5534,Adidas,Adidas
EF0811,Adidas,Adidas
CK9723,Adidas,Adidas
CL7322,Adidas,Adidas
CG6021,Adidas,Adidas
CG6188,Adidas,Adidas
BD7685,Adidas,Adidas
BD7475,Adidas,Adidas
EF9226,Adidas,Adidas
F34668,Adidas,Adidas
EE8257,Adidas,Adidas
B37973,Adidas,Adidas
EE7068,Adidas,Adidas
EH1363,Adidas,Adidas
EE5772,Adidas,Adidas
CG6104,None,
EF2437,Adidas,Adidas
CM0070,Adidas,Adidas
D96760,Adidas,Adidas
CM0077,Adidas,Adidas
CM0091,Adidas,Adidas
CL7550,Adidas,Adidas
F36675,Adidas,Adidas
EF1065,Adidas,Adidas
EH1361,Adidas,Adidas
CL0243,Adidas,Adidas
CG6177,Adidas,Adidas
FV3288,Adidas,Adidas
EE4949,Adidas,Adidas
BB2344,Adidas,Adidas
EE6080,Adidas,Adidas
EE6047,Adidas,Adidas
EF0078,Adidas,Adidas
EE5565,Adidas,Adidas
EF4965,Adidas,Adidas
EE4946,Adidas,Adidas
B37090,Adidas,Adidas
F36516,Adidas,Adidas
DB3112,Adidas,Adidas
EH1366,Adidas,Adidas
CG6164,Adidas,Adidas
EE4959,Adidas,Adidas
EF2438,Adidas,Adidas
F35567,Adidas,Adidas
EE8165,Adidas,Adidas
EE5846,Adidas,Adidas
F34846,Adidas,Adidas
B41663,Adidas,Adidas
CK9690,Adidas,Adidas
EE7927,Adidas,Adidas
CK9688,Adidas,Adidas
CK9424,Adidas,Adidas
CK9430,Adidas,Adidas
CG6228,Adidas,Adidas
DB3600,Adidas,Adidas
EE9892,Adidas,Adidas
CL7461,Adidas,Adidas
CK9678,Adidas,Adidas
CK9696,Adidas,Adidas
CK9695,Adidas,Adidas
CK9683,Adidas,Adidas
CK9692,Adidas,Adidas
EE7919,Adidas,Adidas
CL7517,Adidas,Adidas
CK9698,Adidas,Adidas
CK9418,Adidas,Adidas
EF0322,Adidas,Adidas
CK9427,Adidas,Adidas
EF0437,None,
EF0435,Adidas,Adidas
CJ8090,Adidas,Adidas
CL7542,Adidas,Adidas
CL7311,Adidas,Adidas
EE8028,Adidas,Adidas
CL7398,Adidas,Adidas
CL7306,Adidas,Adidas
CK9697,Adidas,Adidas
CI9915,Adidas,Adidas
CK9590,Adidas,Adidas
CL7458,Adidas,Adidas
CI9913,Adidas,Adidas
CL7459,Adidas,Adidas
CI9991,Adidas,Adidas
F36996,Adidas,Adidas
CJ7974,Adidas,Adidas
CL7588,Adidas,Adidas
CL7407,Adidas,Adidas
CL7406,Adidas,Adidas
CK9420,Adidas,Adidas
CL7389,Adidas,Adidas
CL7516,Adidas,Adidas
CI9989,Adidas,Adidas
CL7405,Adidas,Adidas
CL7473,Adidas,Adidas
CJ8110,Adidas,Adidas
CJ8019,Adidas,Adidas
CK9604,Adidas,Adidas
CK9431,Adidas,Adidas
EE7289,Adidas,Adidas
B75580,Adidas,Adidas
CK9432,Adidas,Adidas
EE4925,Adidas,Adidas
EE4953,Adidas,Adidas
CL7469,Adidas,Adidas
EF8858,Adidas,Adidas
EF9219,Adidas,Adidas
CL7513,Adidas,Adidas
EE7098,Adidas,Adidas
CL7425,Adidas,Adidas
CL7508,Adidas,Adidas
EE7292,Adidas,Adidas
CL7589,Adidas,Adidas
CJ8061,Adidas,Adidas
EE5847,Adidas,Adidas
CK9686,Adidas,Adidas
EE4567,Adidas,Adidas
EE5585,Adidas,Adidas
B96519,Adidas,Adidas
B96563,Adidas,Adidas
CL7547,Adidas,Adidas
EE4563,Adidas,Adidas
CK9714,None,
F36475,Adidas,Adidas
FV8794,Adidas,Adidas
EE5177,Adidas,Adidas
CL7582,Adidas,Adidas
F36339,Adidas,Adidas
EF1963,Adidas,Adidas
F34442,Adidas,Adidas
EE9933,Adidas,Adidas
EE6090,Adidas,Adidas
B75583,Adidas,Adidas
EE7922,Adidas,Adidas
EE5081,Adidas,Adidas
EE4678,Adidas,Adidas
CM0076,Adidas,Adidas
B28156,Adidas,Adidas
EF0527,Adidas,Adidas
EE4566,Adidas,Adidas
EE8302,Adidas,Adidas
CM0075,Adidas,Adidas
EF0152,Adidas,Adidas
CM0093,Adidas,Adidas
F36218,Adidas,Adidas
CM0083,Adidas,Adidas
CM0078,Adidas,Adidas
CM0079,Adidas,Adidas
CM0074,Adidas,Adidas
CM0073,Adidas,Adidas
CM0092,Adidas,Adidas
EG8672,Adidas,Adidas
EG8480,Adidas,Adidas
EG3148,Adidas,Adidas
CM0082,Adidas,Adidas
EG3185,Adidas,Adidas
EG4006,Adidas,Adidas
EG4007,Adidas,Adidas
EH1178,Adidas,Adidas
EG4316,Adidas,Adidas
EG3253,Adidas,Adidas
EG4314,Adidas,Adidas
EH1379,Adidas,Adidas
EH2586,Adidas,Adidas
EG3698,Adidas,Adidas
EH0165,Adidas,Adidas
EH1211,Adidas,Adidas
CK9665,Adidas,Adidas
CK9663,Adidas,Adidas
EG3953,Adidas,Adidas
EG4176,Adidas,Adidas
CI9916,Adidas,Adidas
EG4175,Adidas,Adidas
EG4004,Adidas,Adidas
CJ8068,Adidas,Adidas
CK9681,None,
EE9731,Adidas,Adidas
CK9591,Adidas,Adidas
CK9648,Adidas,Adidas
CK9602,Adidas,Adidas
F34491,Adidas,Adidas
CK9693,Adidas,Adidas
CJ8013,Adidas,Adidas
CL7567,Adidas,Adidas
CK9694,Adidas,Adidas
CL7604,Adidas,Adidas
CL7488,Adidas,Adidas
CK9436,Adidas,Adidas
CK9592,Adidas,Adidas
CL7366,Adidas,Adidas
CK9661,Adidas,Adidas
CK9650,Adidas,Adidas
CL7415,Adidas,Adidas
CL7626,Adidas,Adidas
CJ7990,Adidas,Adidas
CL7534,Adidas,Adidas
CL7413,Adidas,Adidas
CK9500,Adidas,Adidas
CL7369,Adidas,Adidas
EE8156,Adidas,Adidas
CL7607,Adidas,Adidas
CL7385,Adidas,Adidas
EE9856,Adidas,Adidas
EE8260,Adidas,Adidas
EE8448,Adidas,Adidas
EE8181,Adidas,Adidas
CK9682,Adidas,Adidas
CL7377,Adidas,Adidas
CL7605,Adidas,Adidas
EE9734,Adidas,Adidas
EF1053,Adidas,Adidas
EE7925,Adidas,Adidas
CL7614,Adidas,Adidas
EE9847,Adidas,Adidas
EG3289,Adidas,Adidas
CL7615,Adidas,Adidas
CL7276,Adidas,Adidas
CL7453,Adidas,Adidas
CL7329,Adidas,Adidas
CL7387,Adidas,Adidas
CM4762,Adidas,Adidas
CM4984,Adidas,Adidas
CM4691,Adidas,Adidas
CM4826,Adidas,Adidas
CM0015,Adidas,Adidas
EE8603,Adidas,Adidas
CL7496,Adidas,Adidas
EE8444,Adidas,Adidas
CM4827,None,
CM0014,Adidas,Adidas
CM4737,Adidas,Adidas
EF0440,Adidas,Adidas
EE9748,Adidas,Adidas
EG4223,Adidas,Adidas
CM0013,Adidas,Adidas
B44880,Adidas,Adidas
F34876,Adidas,Adidas
EE8836,Adidas,Adidas
EF0523,Adidas,Adidas
EH1858,Adidas,Adidas
EG3821,Adidas,Adidas
EF4458,Adidas,Adidas
EG3291,Adidas,Adidas
EF5928,Adidas,Adidas
EH1859,Adidas,Adidas
CM4828,Adidas,Adidas
EG3295,Adidas,Adidas
CM4985,Adidas,Adidas
CM4964,Adidas,Adidas
CM4690,Adidas,Adidas
EF4970,Adidas,Adidas
CM0010,Adidas,Adidas
EF6877,Adidas,Adidas
FW6635,Adidas,Adidas
CM4760,Adidas,Adidas
DB3258,Adidas,Adidas
EF4375,Adidas,Adidas
EE7159,Adidas,Adidas
CM4983,Adidas,Adidas
EE8925,Adidas,Adidas
G27722,Adidas,Adidas
EG2012,Adidas,Adidas
EG9825,Adidas,Adidas
EF4966,Adidas,Adidas
EH1389,Adidas,Adidas
EG9824,Adidas,Adidas
EF6058,Adidas,Adidas
EF6508,Adidas,Adidas
EG5475,Adidas,Adidas
EF5320,Adidas,Adidas
EF5642,Adidas,Adidas
EE7160,Adidas,Adidas
EF5547,Adidas,Adidas
EG7753,Adidas,Adidas
EF5549,Adidas,Adidas
EF5314,Adidas,Adidas
EF4933,Adidas,Adidas
EG9829,Adidas,Adidas
EG7876,Adidas,Adidas
EF4935,Adidas,Adidas
EF4983,Adidas,Adidas
EG9053,None,
EF4374,Adidas,Adidas
EH3522,Adidas,Adidas
EG0576,Adidas,Adidas
EF6507,Adidas,Adidas
EF5386,Adidas,Adidas
CL7520,Adidas,Adidas
EG0578,Adidas,Adidas
EG6920,Adidas,Adidas
EG6846,Adidas,Adidas
EE9854,Adidas,Adidas
CL7456,Adidas,Adidas
EE9733,Adidas,Adidas
CL7333,Adidas,Adidas
EE9729,Adidas,Adidas
EG6845,Adidas,Adidas
EE8202,Adidas,Adidas
CL7361,Adidas,Adidas
EE8265,Adidas,Adidas
EE8604,Adidas,Adidas
EF1052,Adidas,Adidas
EF1051,Adidas,Adidas
EE9732,Adidas,Adidas
EF0433,Adidas,Adidas
EE9895,Adidas,Adidas
EE8128,Adidas,Adidas
EE7928,Adidas,Adidas
EE9266,Adidas,Adidas
CL9915,Adidas,Adidas
CL7533,Adidas,Adidas
CM0012,Adidas,Adidas
CM0032,Adidas,Adidas
EE8200,Adidas,Adidas
CL7332,Adidas,Adidas
F37008,Adidas,Adidas
EE9728,Adidas,Adidas
B75581,Adidas,Adidas
F34851,Adidas,Adidas
EF0434,Adidas,Adidas
CM0008,Adidas,Adidas
CL7487,Adidas,Adidas
EE8212,Adidas,Adidas
CL7465,Adidas,Adidas
EE9758,Adidas,Adidas
CL7334,Adidas,Adidas
EE9735,Adidas,Adidas
CL9925,Adidas,Adidas
F34820,Adidas,Adidas
CM0023,Adidas,Adidas
EF0584,Adidas,Adidas
CL7307,Adidas,Adidas
BB7066,Adidas,Adidas
CM0033,Adidas,Adidas
CL7443,None,
CL9962,Adidas,Adidas
CK9685,Adidas,Adidas
CJ7959,Adidas,Adidas
CL7546,Adidas,Adidas
CL7286,Adidas,Adidas
CJ8018,Adidas,Adidas
CK9447,Adidas,Adidas
B96555,Adidas,Adidas
G28939,Adidas,Adidas
FV3428,Adidas,Adidas
FV3289,Adidas,Adidas
CK9528,Adidas,Adidas
CK9603,Adidas,Adidas
CL7566,Adidas,Adidas
FV3671,Adidas,Adidas
FV3335,Adidas,Adidas
FV3675,Adidas,Adidas
EG8690,Adidas,Adidas
F36642,Adidas,Adidas
CG4045,Adidas,Adidas
CL7633,Adidas,Adidas
FV3334,Adidas,Adidas
FV3361,Adidas,Adidas
EG5345,Adidas,Adidas
FV3353,Adidas,Adidas
FV3187,Adidas,Adidas
FV3631,Adidas,Adidas
FU7134,Adidas,Adidas
FV3374,Adidas,Adidas
FV3336,Adidas,Adidas
FU9352,Adidas,Adidas
FV3327,Adidas,Adidas
FU9350,Adidas,Adidas
FW1646,Adidas,Adidas
FV3186,Adidas,Adidas
FV3294,Adidas,Adidas
FW9618,Adidas,Adidas
FV3352,Adidas,Adidas
FW1647,Adidas,Adidas
FW8423,Adidas,Adidas
EE6822,Adidas,Adidas
FV3290,Adidas,Adidas
FV3305,Adidas,Adidas
EE8081,Adidas,Adidas
B37680,Adidas,Adidas
CG6270,Adidas,Adidas
CQ2031,Adidas,Adidas
CG6037,Adidas,Adidas
EF3539,Adidas,Adidas
EE4919,Adidas,Adidas
FU9349,Adidas,Adidas
CL9960,Adidas,Adidas
EF0091,None,
CL9968,Adidas,Adidas
F33805,Adidas,Adidas
EE6031,Adidas,Adidas
BC0033,Adidas,Adidas
EE7030,Adidas,Adidas
EE4923,Adidas,Adidas
EE6089,Adidas,Adidas
EE6108,Adidas,Adidas
CQ2460,Adidas,Adidas
B37681,Adidas,Adidas
CQ2035,Adidas,Adidas
CG6618,Adidas,Adidas
FV3667,Adidas,Adidas
CQ2044,Adidas,Adidas
FW9617,Adidas,Adidas
CM4692,Adidas,Adidas
B44619,Adidas,Adidas
CP9514,Adidas,Adidas
FV6058,Adidas,Adidas
G27720,Adidas,Adidas
CQ2333,Adidas,Adidas
FV6057,Adidas,Adidas
FV6056,Adidas,Adidas
EE5521,Adidas,Adidas
B37974,Adidas,Adidas
BD7575,Adidas,Adidas
EE7026,Adidas,Adidas
EE6256,Adidas,Adidas
CM4548,Adidas,Adidas
G54050,Adidas,Adidas
CI1741,Adidas,Adidas
EE6660,Adidas,Adidas
EE7243,Adidas,Adidas
EE6668,Adidas,Adidas
EE5086,Adidas,Adidas
CM0027,Adidas,Adidas
EF8973,Adidas,Adidas
G28940,Adidas,Adidas
CJ8059,Adidas,Adidas
CI9941,Adidas,Adidas
CL4158,Adidas,Adidas
BB3293,Adidas,Adidas
EE5640,Adidas,Adidas
CM0063,Adidas,Adidas
CL9946,Adidas,Adidas
CM0071,Adidas,Adidas
CM0051,Adidas,Adidas
CM0087,Adidas,Adidas
CM0048,Adidas,Adidas
CM0062,Adidas,Adidas
G28449,Adidas,Adidas
CM0086,Adidas,Adidas
CL7643,None,
CM0067,Adidas,Adidas
CL7559,Adidas,Adidas
CJ7994,Adidas,Adidas
CM0059,Adidas,Adidas
CL7462,Adidas,Adidas
CK9680,Adidas,Adidas
CM0024,Adidas,Adidas
CL9924,Adidas,Adidas
F34564,Adidas,Adidas
CJ7972,Adidas,Adidas
CL7283,Adidas,Adidas
CK9465,Adidas,Adidas
EE9514,Adidas,Adidas
CM0047,Adidas,Adidas
G27026,Adidas,Adidas
F36338,Adidas,Adidas
CJ8077,Adidas,Adidas
CM0028,Adidas,Adidas
CL9939,Adidas,Adidas
CM0056,Adidas,Adidas
CL9916,Adidas,Adidas
CL9950,Adidas,Adidas
EE9973,Adidas,Adidas
CL7359,Adidas,Adidas
BB7614,Adidas,Adidas
CL9965,Adidas,Adidas
CQ1176,Adidas,Adidas
CL9913,Adidas,Adidas
EE8115,Adidas,Adidas
EE7497,Adidas,Adidas
F97209,Adidas,Adidas
EE8114,Adidas,Adidas
CM0046,Adidas,Adidas
EF0133,Adidas,Adidas
EE9969,Adidas,Adidas
EG8062,Adidas,Adidas
EE9867,Adidas,Adidas
EE6187,Adidas,Adidas
EF1037,Adidas,Adidas
EE9833,Adidas,Adidas
EE9835,Adidas,Adidas
B96508,Adidas,Adidas
AQ1136,Adidas,Adidas
CQ2029,Adidas,Adidas
EE9862,Adidas,Adidas
EE8325,Adidas,Adidas
BY2976,Adidas,Adidas
EE9970,Adidas,Adidas
EE9840,Adidas,Adidas
EF0130,Adidas,Adidas
F34882,Adidas,Adidas
CQ2042,Adidas,Adidas
B37538,None,
EF0135,Adidas,Adidas
AQ1141,Adidas,Adidas
BD8017,Adidas,Adidas
EF1036,Adidas,Adidas
FV3914,Adidas,Adidas
B28041,Adidas,Adidas
B37534,Adidas,Adidas
EF1899,Adidas,Adidas
EE5615,Adidas,Adidas
CQ2034,Adidas,Adidas
EF4457,Adidas,Adidas
CQ2530,Adidas,Adidas
EE8220,Adidas,Adidas
EE5182,Adidas,Adidas
AW4212,Adidas,Adidas
CG6025,Adidas,Adidas
EE5175,Adidas,Adidas
CG6142,Adidas,Adidas
EE5917,Adidas,Adidas
EE5567,Adidas,Adidas
DA8966,Adidas,Adidas
EE4679,Adidas,Adidas
F34751,Adidas,Adidas
EE4682,Adidas,Adidas
F36389,Adidas,Adidas
CK9720,Adidas,Adidas
CG3527,Adidas,Adidas
EF3533,Adidas,Adidas
CK9728,Adidas,Adidas
BB7218,Adidas,Adidas
BB2270,Adidas,Adidas
BB7235,Adidas,Adidas
BB7231,Adidas,Adidas
BB7219,Adidas,Adidas
CL4155,Adidas,Adidas
EE5876,Adidas,Adidas
EE5303,Adidas,Adidas
EE4938,Adidas,Adidas
EE5179,Adidas,Adidas
BZ0632,Adidas,Adidas
CM4550,Adidas,Adidas
CL9934,Adidas,Adidas
CL7379,Adidas,Adidas
CL9919,Adidas,Adidas
G27860,Adidas,Adidas
CJ3412,Adidas,Adidas
CL7631,Adidas,Adidas
CL7273,Adidas,Adidas
CL7630,Adidas,Adidas
EE9848,Adidas,Adidas
CL7617,Adidas,Adidas
BB9775,Adidas,Adidas
CL7536,None,
B37343,Adidas,Adidas
G28225,Adidas,Adidas
DB3539,Adidas,Adidas
G26777,Adidas,Adidas
CJ0081,Adidas,Adidas
EE8333,Adidas,Adidas
CQ1175,Adidas,Adidas
DA9306,Adidas,Adidas
F36163,Adidas,Adidas
CL7411,Adidas,Adidas
CL7444,Adidas,Adidas
EE7879,Adidas,Adidas
EE9676,Adidas,Adidas
EE7600,Adidas,Adidas
EF0128,Adidas,Adidas
EG3489,Adidas,Adidas
CM4733,Adidas,Adidas
CM0025,Adidas,Adidas
CM4734,Adidas,Adidas
CM4736,Adidas,Adidas
CM4865,Adidas,Adidas
CM4909,Adidas,Adidas
CM4664,Adidas,Adidas
CM4798,Adidas,Adidas
CM4972,Adidas,Adidas
EG8063,Adidas,Adidas
CM4799,Adidas,Adidas
CM4665,Adidas,Adidas
CM4908,Adidas,Adidas
CM4666,Adidas,Adidas
CM4973,Adidas,Adidas
CM4632,Adidas,Adidas
CM4647,Adidas,Adidas
CM4868,Adidas,Adidas
CM4646,Adidas,Adidas
CM4718,Adidas,Adidas
CM4693,Adidas,Adidas
CM4904,Adidas,Adidas
CM4774,Adidas,Adidas
CM4617,Adidas,Adidas
CM4935,Adidas,Adidas
CM4755,Adidas,Adidas
EF1224,Adidas,Adidas
D96450,Adidas,Adidas
CM4618,Adidas,Adidas
AQ0886,Adidas,Adidas
B28068,Adidas,Adidas
CQ2618,Adidas,Adidas
CM4694,Adidas,Adidas
FV4049,Adidas,Adidas
G27721,Adidas,Adidas
BD7791,Adidas,Adidas
AQ1220,None,
FV4329,Adidas,Adidas
FV4057,Adidas,Adidas
FV4044,Adidas,Adidas
FV4325,Adidas,Adidas
FV4331,Adidas,Adidas
FV4359,Adidas,Adidas
FV4319,Adidas,Adidas
FV3700,Adidas,Adidas
FV4318,Adidas,Adidas
CG6130,Adidas,Adidas
CG4050,Adidas,Adidas
FV4330,Adidas,Adidas
FV4317,Adidas,Adidas
DB0444,Adidas,Adidas
F36255,Adidas,Adidas
B96474,Adidas,Adidas
B37530,Adidas,Adidas
B37528,Adidas,Adidas
FV4350,Adidas,Adidas
B44830,Adidas,Adidas
B37942,Adidas,Adidas
B96551,Adidas,Adidas
B43884,Adidas,Adidas
B75587,Adidas,Adidas
F36513,Adidas,Adidas
F34341,Adidas,Adidas
D96552,Adidas,Adidas
D98204,Adidas,Adidas
G26782,Adidas,Adidas
EE4950,Adidas,Adidas
EE5018,Adidas,Adidas
EE5907,Adidas,Adidas
BY9250,Adidas,Adidas
BB2042,Adidas,Adidas
EF0321,Adidas,Adidas
BB2278,Adidas,Adidas
EE4926,Adidas,Adidas
EE4918,Adidas,Adidas
EE4928,Adidas,Adidas
EE8218,Adidas,Adidas
EE5150,Adidas,Adidas
B22706,Adidas,Adidas
CQ2740,Adidas,Adidas
CQ2105,Adidas,Adidas
CQ2106,Adidas,Adidas
EF3534,Adidas,Adidas
CQ3012,Adidas,Adidas
DB3277,Adidas,Adidas
CQ2032,Adidas,Adidas
BB6708,Adidas,Adidas
CM4937,Adidas,Adidas
CM4756,Adidas,Adidas
CM4619,None,
CG6048,Adidas,Adidas
CG5673,Adidas,Adidas
EE9726,Adidas,Adidas
EF1421,Adidas,Adidas
EF0786,Adidas,Adidas
EE9722,Adidas,Adidas
EF1424,Adidas,Adidas
G27273,Adidas,Adidas
EF0812,Adidas,Adidas
G28062,Adidas,Adidas
EF0789,Adidas,Adidas
EF0787,Adidas,Adidas
G26994,Adidas,Adidas
F34099,Adidas,Adidas
EF1581,Adidas,Adidas
G28058,Adidas,Adidas
G27403,Adidas,Adidas
G26939,Adidas,Adidas
G28202,Adidas,Adidas
EF1164,Adidas,Adidas
EF8904,Adidas,Adidas
G28450,Adidas,Adidas
CM4759,Adidas,Adidas
EF8903,Adidas,Adidas
F35445,Adidas,Adidas
B75807,Adidas,Adidas
CJ0079,Adidas,Adidas
CM0084,Adidas,Adidas
EE5358,Adidas,Adidas
B96556,Adidas,Adidas
CM0035,Adidas,Adidas
EE4572,Adidas,Adidas
CL7309,Adidas,Adidas
CL7610,Adidas,Adidas
B37616,Adidas,Adidas
FV3032,Adidas,Adidas
BD7597,Adidas,Adidas
BZ0085,Adidas,Adidas
EE5083,Adidas,Adidas
CL7561,Adidas,Adidas
F97208,Adidas,Adidas
EE5404,Adidas,Adidas
CL9998,Adidas,Adidas
EE8373,Adidas,Adidas
F36418,Adidas,Adidas
CL9921,Adidas,Adidas
F35499,Adidas,Adidas
EE5641,Adidas,Adidas
F34983,Adidas,Adidas
F36985,Adidas,Adidas
B79771,Adidas,Adidas
CJ7956,Adidas,Adidas
B44882,None,
CJ7995,Adidas,Adidas
F36467,Adidas,Adidas
CG4048,Adidas,Adidas
F34437,Adidas,Adidas
CG6205,Adidas,Adidas
EG8695,Adidas,Adidas
B41939,Adidas,Adidas
CG6199,Adidas,Adidas
B37720,Adidas,Adidas
AQ1087,Adidas,Adidas
B37759,Adidas,Adidas
AQ1027,Adidas,Adidas
B37990,Adidas,Adidas
B37651,Adidas,Adidas
B28164,Adidas,Adidas
B28163,Adidas,Adidas
B37983,Adidas,Adidas
DB2689,Adidas,Adidas
CG6056,Adidas,Adidas
CG6460,Adidas,Adidas
CG6108,Adidas,Adidas
BD8024,Adidas,Adidas
D96444,Adidas,Adidas
BD8007,Adidas,Adidas
CG6065,Adidas,Adidas
G27719,Adidas,Adidas
CG6187,Adidas,Adidas
G27648,Adidas,Adidas
EE8279,Adidas,Adidas
EE8247,Adidas,Adidas
EE8612,Adidas,Adidas
CQ1068,Adidas,Adidas
B37635,Adidas,Adidas
DB3065,Adidas,Adidas
CQ1092,Adidas,Adidas
DB3083,Adidas,Adidas
CG6222,Adidas,Adidas
DB3078,Adidas,Adidas
DB2707,Adidas,Adidas
D96553,Adidas,Adidas
EF0580,Adidas,Adidas
EF0581,Adidas,Adidas
G25848,Adidas,Adidas
EE9745,Adidas,Adidas
EE7899,Adidas,Adidas
G28386,Adidas,Adidas
EE6784,Adidas,Adidas
DB3349,Adidas,Adidas
EE6816,Adidas,Adidas
DB3401,Adidas,Adidas
EG1865,Adidas,Adidas
EG2037,Adidas,Adidas
EE6818,None,
CM6057,Adidas,Adidas
EG2035,Adidas,Adidas
EE5614,Adidas,Adidas
EF9225,Adidas,Adidas
EE5174,Adidas,Adidas
CM6058,Adidas,Adidas
EE5915,Adidas,Adidas
BY2949,Adidas,Adidas
EE5933,Adidas,Adidas
F34865,Adidas,Adidas
S80662,Adidas,Adidas
CM6059,Adidas,Adidas
CJ8016,Adidas,Adidas
CL7428,Adidas,Adidas
EE4843,Adidas,Adidas
CK9670,Adidas,Adidas
EE7740,Adidas,Adidas
EE8969,Adidas,Adidas
BZ0087,Adidas,Adidas
F36256,Adidas,Adidas
EE5362,Adidas,Adidas
F35762,Adidas,Adidas
EE5837,Adidas,Adidas
EE4576,Adidas,Adidas
EE6991,Adidas,Adidas
EE6012,Adidas,Adidas
EE4470,Adidas,Adidas
EE6327,Adidas,Adidas
AQ8530,Adidas,Adidas
CI9990,Adidas,Adidas
EE7064,Adidas,Adidas
F36417,Adidas,Adidas
EE4808,Adidas,Adidas
F36431,Adidas,Adidas
B44669,Adidas,Adidas
B43745,Adidas,Adidas
CJ8021,Adidas,Adidas
CM4549,Adidas,Adidas
EE8374,Adidas,Adidas
CL4154,Adidas,Adidas
CL7609,Adidas,Adidas
CK9456,Adidas,Adidas
EG4372,Adidas,Adidas
CJ8987,Adidas,Adidas
EG4303,Adidas,Adidas
BB7616,Adidas,Adidas
EE5603,Adidas,Adidas
EE8970,Adidas,Adidas
CJ8113,Adidas,Adidas
CL7463,Adidas,Adidas
F97210,Adidas,Adidas
B44732,Adidas,Adidas
F34411,None,
EE6807,Adidas,Adidas
F35515,Adidas,Adidas
F35615,Adidas,Adidas
CK9466,Adidas,Adidas
F36650,Adidas,Adidas
BC1040,Adidas,Adidas
EF0810,Adidas,Adidas
CL9963,Adidas,Adidas
BB6917,Adidas,Adidas
CL9938,Adidas,Adidas
CL9997,Adidas,Adidas
CL7642,Adidas,Adidas
F35040,Adidas,Adidas
CJ8017,Adidas,Adidas
EE9727,Adidas,Adidas
CJ8012,Adidas,Adidas
CL7632,Adidas,Adidas
CL7486,Adidas,Adidas
BZ0631,Adidas,Adidas
D98056,Adidas,Adidas
CM4824,Adidas,Adidas
CM4825,Adidas,Adidas
B43753,Adidas,Adidas
FV4349,Adidas,Adidas
F36517,Adidas,Adidas
EE8131,Adidas,Adidas
EE9737,Adidas,Adidas
EF1060,Adidas,Adidas
EE9938,Adidas,Adidas
EE8353,Adidas,Adidas
EF0452,Adidas,Adidas
EE5170,Adidas,Adidas
EE5153,Adidas,Adidas
EE4842,Adidas,Adidas
EE4958,Adidas,Adidas
EE4922,Adidas,Adidas
EE6046,Adidas,Adidas
EE6130,Adidas,Adidas
EF3523,Adidas,Adidas
EF3535,Adidas,Adidas
FW2818,Adidas,Adidas
EE5535,Adidas,Adidas
EF3531,Adidas,Adidas
B22713,Adidas,Adidas
FW2803,Adidas,Adidas
FW2848,Adidas,Adidas
EG8544,Adidas,Adidas
EF4393,Adidas,Adidas
EG4588,Adidas,Adidas
EF4398,Adidas,Adidas
AC8765,Adidas,Adidas
B37361,Adidas,Adidas
CQ2028,None,
B41727,Adidas,Adidas
B96511,Adidas,Adidas
B37657,Adidas,Adidas
AQ1138,Adidas,Adidas
B37068,Adidas,Adidas
DB2680,Adidas,Adidas
B28123,Adidas,Adidas
AQ1134,Adidas,Adidas
EE5562,Adidas,Adidas
EE5934,Adidas,Adidas
EE5104,Adidas,Adidas
BB1702,Adidas,Adidas
EE7031,Adidas,Adidas
DB2119,Adidas,Adidas
F36599,Adidas,Adidas
EE5171,Adidas,Adidas
DA9604,Adidas,Adidas
BB6709,Adidas,Adidas
B96517,Adidas,Adidas
CQ1971,Adidas,Adidas
B96520,Adidas,Adidas
DB1763,Adidas,Adidas
B96554,Adidas,Adidas
AQ1111,Adidas,Adidas
CK9475,Adidas,Adidas
F36166,Adidas,Adidas
CG7112,Adidas,Adidas
CL7427,Adidas,Adidas
CQ1968,Adidas,Adidas
B37600,Adidas,Adidas
CL7335,Adidas,Adidas
F34094,Adidas,Adidas
EF0785,Adidas,Adidas
CK9572,Adidas,Adidas
EF0788,Adidas,Adidas
EE6331,Adidas,Adidas
EE7245,Adidas,Adidas
EE4771,Adidas,Adidas
F34098,Adidas,Adidas
CL9956,Adidas,Adidas
G28059,Adidas,Adidas
CL9942,Adidas,Adidas
F33908,Adidas,Adidas
G28060,Adidas,Adidas
DB3144,Adidas,Adidas
CI9935,Adidas,Adidas
F36664,Adidas,Adidas
DB1755,Adidas,Adidas
F36173,Adidas,Adidas
EE8134,Adidas,Adidas
F35613,Adidas,Adidas
CK9557,Adidas,Adidas
CK9464,None,
CK9476,Adidas,Adidas
CK9649,Adidas,Adidas
DA8929,Adidas,Adidas
CK9483,Adidas,Adidas
CL9926,Adidas,Adidas
FV8786,Adidas,Adidas
CL9943,Adidas,Adidas
BB9774,Adidas,Adidas
EE8007,Adidas,Adidas
F36201,Adidas,Adidas
FV8790,Adidas,Adidas
F36331,Adidas,Adidas
AQ0919,Adidas,Adidas
CJ8146,Adidas,Adidas
B43732,Adidas,Adidas
B44849,Adidas,Adidas
B37783,Adidas,Adidas
B96578,Adidas,Adidas
F37006,Adidas,Adidas
CJ8041,Adidas,Adidas
CG6131,Adidas,Adidas
CG6113,Adidas,Adidas
G28971,Adidas,Adidas
B37469,Adidas,Adidas
CG6112,Adidas,Adidas
F34625,Adidas,Adidas
EE9844,Adidas,Adidas
EE8269,Adidas,Adidas
EE9843,Adidas,Adidas
EE9852,Adidas,Adidas
CG6066,Adidas,Adidas
EE8136,Adidas,Adidas
G27645,Adidas,Adidas
CL9961,Adidas,Adidas
FV3699,Adidas,Adidas
CI2606,Adidas,Adidas
EE7359,Adidas,Adidas
CK9658,Adidas,Adidas
EF0417,Adidas,Adidas
EF0436,Adidas,Adidas
EG3102,Adidas,Adidas
EE4951,Adidas,Adidas
FW2846,Adidas,Adidas
FW2895,Adidas,Adidas
EE4562,Adidas,Adidas
EE5540,Adidas,Adidas
EG8688,Adidas,Adidas
EG8685,Adidas,Adidas
EE7033,Adidas,Adidas
DB3109,Adidas,Adidas
DB3244,Adidas,Adidas
DB0126,Adidas,Adidas
EE4552,None,
CG4708,Adidas,Adidas
DB3241,Adidas,Adidas
F36476,Adidas,Adidas
F36225,Adidas,Adidas
F37047,Adidas,Adidas
B44728,Adidas,Adidas
BB7317,Adidas,Adidas
F35036,Adidas,Adidas
AQ0055,Adidas,Adidas
F34440,Adidas,Adidas
B96561,Adidas,Adidas
B96339,Adidas,Adidas
D97112,Adidas,Adidas
F36651,Adidas,Adidas
F36308,Adidas,Adidas
F35050,Adidas,Adidas
EE7482,Adidas,Adidas
EE7502,Adidas,Adidas
F36669,Adidas,Adidas
F37079,Adidas,Adidas
EE8133,Adidas,Adidas
G28914,Adidas,Adidas
EE8197,Adidas,Adidas
EE7511,Adidas,Adidas
EG4103,Adidas,Adidas
EH2549,Adidas,Adidas
EG5006,Adidas,Adidas
EH2201,Adidas,Adidas
EH2531,Adidas,Adidas
EG4273,Adidas,Adidas
EG5005,Adidas,Adidas
EG4275,Adidas,Adidas
EE5906,Adidas,Adidas
EE5106,Adidas,Adidas
EE5181,Adidas,Adidas
EG3238,Adidas,Adidas
EE5864,Adidas,Adidas
EG1902,Adidas,Adidas
EH2552,Adidas,Adidas
EG8587,Adidas,Adidas
EG3705,Adidas,Adidas
EG3173,Adidas,Adidas
EG3693,Adidas,Adidas
EG3691,Adidas,Adidas
CL0244,Adidas,Adidas
CJ0874,Adidas,Adidas
F35030,Adidas,Adidas
EG3666,Adidas,Adidas
EH1856,Adidas,Adidas
CL0211,Adidas,Adidas
EG3491,Adidas,Adidas
B23738,Adidas,Adidas
B28128,None,
EG3282,Adidas,Adidas
EH1855,Adidas,Adidas
B22705,Adidas,Adidas
EE6743,Adidas,Adidas
EE6122,Adidas,Adidas
EE6121,Adidas,Adidas
CM4981,Adidas,Adidas
CM4658,Adidas,Adidas
EG3283,Adidas,Adidas
CM4659,Adidas,Adidas
F36671,Adidas,Adidas
AW4209,Adidas,Adidas
G25877,Adidas,Adidas
CM4855,Adidas,Adidas
EE8452,Adidas,Adidas
CM4813,Adidas,Adidas
EE8351,Adidas,Adidas
G28329,Adidas,Adidas
CM4857,Adidas,Adidas
CM4900,Adidas,Adidas
CM4899,Adidas,Adidas
CM4901,Adidas,Adidas
CM4830,Adidas,Adidas
EF0778,Adidas,Adidas
EF0780,Adidas,Adidas
G27270,Adidas,Adidas
EF1233,Adidas,Adidas
CM4878,Adidas,Adidas
CM4877,Adidas,Adidas
G27272,Adidas,Adidas
CM4862,Adidas,Adidas
CM4979,Adidas,Adidas
EF1416,Adidas,Adidas
EE7897,Adidas,Adidas
CM4884,Adidas,Adidas
G28373,Adidas,Adidas
CM4842,Adidas,Adidas
EF0822,Adidas,Adidas
CM4860,Adidas,Adidas
CM4929,Adidas,Adidas
G28560,Adidas,Adidas
AQ8528,Adidas,Adidas
G28208,Adidas,Adidas
BB5476,Adidas,Adidas
CQ2405,Adidas,Adidas
G28209,Adidas,Adidas
CL7580,Adidas,Adidas
B43687,Adidas,Adidas
B41645,Adidas,Adidas
BY2120,Adidas,Adidas
B24105,Adidas,Adidas
B96568,Adidas,Adidas
FW2847,None,
FV7826,Adidas,Adidas
F35580,Adidas,Adidas
FV7825,Adidas,Adidas
G27707,Adidas,Adidas
EE8498,Adidas,Adidas
FV4631,Adidas,Adidas
EE4465,Adidas,Adidas
EE8138,Adidas,Adidas
FV4419,Adidas,Adidas
G28116,Adidas,Adidas
B42315,Adidas,Adidas
EE9574,Adidas,Adidas
EG4960,Adidas,Adidas
EE6803,Adidas,Adidas
EF5506,Adidas,Adidas
G28428,Adidas,Adidas
EF5440,Adidas,Adidas
FV4190,Adidas,Adidas
EH0025,Adidas,Adidas
G28331,Adidas,Adidas
G25878,Adidas,Adidas
EE6802,Adidas,Adidas
B42314,Adidas,Adidas
CL9955,Adidas,Adidas
G28336,Adidas,Adidas
G54014,Adidas,Adidas
FV2806,Adidas,Adidas
FV3021,Adidas,Adidas
FV3743,Adidas,Adidas
FV5359,Adidas,Adidas
G54015,Adidas,Adidas
BD7929,Adidas,Adidas
G26993,Adidas,Adidas
EF1625,Adidas,Adidas
G27479,Adidas,Adidas
EE7911,Adidas,Adidas
F35008,Adidas,Adidas
G27492,Adidas,Adidas
G28885,Adidas,Adidas
EF1163,Adidas,Adidas
EF8847,Adidas,Adidas
B96566,Adidas,Adidas
EG4159,Adidas,Adidas
G27484,Adidas,Adidas
F34327,Adidas,Adidas
CL7477,Adidas,Adidas
G27495,Adidas,Adidas
B28129,Adidas,Adidas
EF1229,Adidas,Adidas
EF4920,Adidas,Adidas
EE6893,Adidas,Adidas
EF2335,Adidas,Adidas
EE4896,None,
EF4372,Adidas,Adidas
FW9328,Adidas,Adidas
B27797,Adidas,Adidas
EG7737,Adidas,Adidas
DB3105,Adidas,Adidas
CG6477,Adidas,Adidas
CG3552,Adidas,Adidas
EG8778,Adidas,Adidas
BB3627,Adidas,Adidas
EE4851,Adidas,Adidas
EF4373,Adidas,Adidas
BW0418,Adidas,Adidas
G27728,Adidas,Adidas
BB3628,Adidas,Adidas
BB3645,Adidas,Adidas
F37427,Adidas,Adidas
DB3541,Adidas,Adidas
EE7346,Adidas,Adidas
EG1866,Adidas,Adidas
EE4895,Adidas,Adidas
D96635,Adidas,Adidas
FV6404,Adidas,Adidas
CG6040,Adidas,Adidas
EE6074,Adidas,Adidas
CG4743,Adidas,Adidas
EG2738,Adidas,Adidas
F35493,Adidas,Adidas
F35597,Adidas,Adidas
F35495,Adidas,Adidas
F35494,Adidas,Adidas
DB1370,Adidas,Adidas
F35498,Adidas,Adidas
DB1372,Adidas,Adidas
F36991,Adidas,Adidas
B96223,Adidas,Adidas
F35497,Adidas,Adidas
F36501,Adidas,Adidas
EE6821,Adidas,Adidas
EE7745,Adidas,Adidas
EE6135,Adidas,Adidas
AQ0334,Adidas,Adidas
B96218,Adidas,Adidas
CG5537,Adidas,Adidas
AQ0538,Adidas,Adidas
EE7777,Adidas,Adidas
EF5885,Adidas,Adidas
EE8378,Adidas,Adidas
EF5870,Adidas,Adidas
CG5580,Adidas,Adidas
BB7566,Adidas,Adidas
AQ0054,Adidas,Adidas
B75665,Adidas,Adidas
EG1727,None,
AQ0539,Adidas,Adidas
EG2646,Adidas,Adidas
EH0181,Adidas,Adidas
EF5902,Adidas,Adidas
FU6910,Adidas,Adidas
AC7104,Adidas,Adidas
EF9625,Adidas,Adidas
D97946,Adidas,Adidas
B75667,Adidas,Adidas
BD7080,Adidas,Adidas
CL9914,Adidas,Adidas
BB6602,Adidas,Adidas
EF5435,Adidas,Adidas
BC1050,Adidas,Adidas
EF5507,Adidas,Adidas
D97319,Adidas,Adidas
EF5985,Adidas,Adidas
EF5441,Adidas,Adidas
F35769,Adidas,Adidas
EG8776,Adidas,Adidas
D97429,Adidas,Adidas
EF0820,Adidas,Adidas
EF4027,Adidas,Adidas
CG6732,Adidas,Adidas
EH2180,Adidas,Adidas
EF6050,Adidas,Adidas
EF6048,Adidas,Adidas
EE7290,Adidas,Adidas
EE7449,Adidas,Adidas
EE7968,Adidas,Adidas
F36481,Adidas,Adidas
EG1900,Adidas,Adidas
EF6049,Adidas,Adidas
EF7141,Adidas,Adidas
EF7140,Adidas,Adidas
CQ1091,Adidas,Adidas
EF7134,Adidas,Adidas
EH1097,Adidas,Adidas
FV4656,Adidas,Adidas
G26947,Adidas,Adidas
F34060,Adidas,Adidas
G26944,Adidas,Adidas
EG5185,Adidas,Adidas
EG5188,Adidas,Adidas
FV3029,Adidas,Adidas
FV4658,Adidas,Adidas
CM4831,Adidas,Adidas
EF6270,Adidas,Adidas
CM4705,Adidas,Adidas
FV3031,Adidas,Adidas
FV5358,Adidas,Adidas
DB0594,Adidas,Adidas
DA8839,None,
G27461,Adidas,Adidas
CM4708,Adidas,Adidas
DA9868,Adidas,Adidas
EE9540,Adidas,Adidas
DB3483,Adidas,Adidas
EE3912,Adidas,Adidas
CJ0183,Adidas,Adidas
AQ0534,Adidas,Adidas
CK9502,Adidas,Adidas
BC1041,Adidas,Adidas
CM0065,Adidas,Adidas
EG3013,Adidas,Adidas
EE4966,Adidas,Adidas
B75806,Adidas,Adidas
CK9434,Adidas,Adidas
EH0833,Adidas,Adidas
G27637,Adidas,Adidas
CL7579,Adidas,Adidas
CK9631,Adidas,Adidas
EE6091,Adidas,Adidas
CL9945,Adidas,Adidas
FV4189,Adidas,Adidas
F34477,Adidas,Adidas
F34683,Adidas,Adidas
CP8827,Adidas,Adidas
F36998,Adidas,Adidas
F36457,Adidas,Adidas
EE8008,Adidas,Adidas
EE5511,Adidas,Adidas
EE5602,Adidas,Adidas
EE6329,Adidas,Adidas
EE5506,Adidas,Adidas
F36471,Adidas,Adidas
EF6551,Adidas,Adidas
EE6325,Adidas,Adidas
EE5678,Adidas,Adidas
EE4967,Adidas,Adidas
EF8907,Adidas,Adidas
EE8688,Adidas,Adidas
EE8972,Adidas,Adidas
EE7239,Adidas,Adidas
G26935,Adidas,Adidas
EE5394,Adidas,Adidas
EH0033,Adidas,Adidas
B75573,Adidas,Adidas
EE4883,Adidas,Adidas
DA8964,Adidas,Adidas
CJ8060,Adidas,Adidas
B75782,Adidas,Adidas
G27401,Adidas,Adidas
B75780,Adidas,Adidas
S80807,Adidas,Adidas
EE4791,None,
S32279,Adidas,Adidas
AC7556,Adidas,Adidas
B22785,Adidas,Adidas
F35130,Adidas,Adidas
B43742,Adidas,Adidas
CK9814,Adidas,Adidas
CK9571,Adidas,Adidas
F34844,Adidas,Adidas
F35284,Adidas,Adidas
CQ1149,Adidas,Adidas
F34739,Adidas,Adidas
CK9866,Adidas,Adidas
EE5654,Adidas,Adidas
FV3013,Adidas,Adidas
F35282,Adidas,Adidas
EF9624,Adidas,Adidas
CK9865,Adidas,Adidas
F34073,Adidas,Adidas
D96551,Adidas,Adidas
CK9784,Adidas,Adidas
F36512,Adidas,Adidas
F35283,Adidas,Adidas
EG3096,Adidas,Adidas
EG3115,Adidas,Adidas
EF5550,Adidas,Adidas
EF9623,Adidas,Adidas
CJ3410,Adidas,Adidas
CQ1061,Adidas,Adidas
BB4014,Adidas,Adidas
AQ6095,Adidas,Adidas
EF7135,Adidas,Adidas
B44500,Adidas,Adidas
EF1629,Adidas,Adidas
B43600,Adidas,Adidas
EG8735,Adidas,Adidas
G28713,Adidas,Adidas
EF3538,Adidas,Adidas
CJ9005,Adidas,Adidas
AH2156,Adidas,Adidas
FV6447,Adidas,Adidas
CM7767,Adidas,Adidas
DB0646,Adidas,Adidas
CG6367,Adidas,Adidas
CM7741,Adidas,Adidas
CJ9006,Adidas,Adidas
AC7943,Adidas,Adidas
CG6364,Adidas,Adidas
BC0534,Adidas,Adidas
CK1081,Adidas,Adidas
F37022,Adidas,Adidas
EE3812,Adidas,Adidas
G26834,Adidas,Adidas
B75879,None,
FV6794,Adidas,Adidas
G26790,Adidas,Adidas
EH1524,Adidas,Adidas
G26548,Adidas,Adidas
B42122,Adidas,Adidas
F99913,Adidas,Adidas
EG1073,Adidas,Adidas
EG7893,Adidas,Adidas
G28915,Adidas,Adidas
BB3484,Adidas,Adidas
EG1069,Adidas,Adidas
EG2015,Adidas,Adidas
FW3138,Adidas,Adidas
EF2212,Adidas,Adidas
EG1071,Adidas,Adidas
EG2045,Adidas,Adidas
EE4036,Adidas,Adidas
FW5423,Adidas,Adidas
EG1287,Adidas,Adidas
EG2663,Adidas,Adidas
EG2017,Adidas,Adidas
EG0719,Adidas,Adidas
EH1208,Adidas,Adidas
EG4901,Adidas,Adidas
EE4264,Adidas,Adidas
EG1096,Adidas,Adidas
EG1011,Adidas,Adidas
EG2052,Adidas,Adidas
EG0720,Adidas,Adidas
EF2696,Adidas,Adidas
EG0715,Adidas,Adidas
EE4614,Adidas,Adidas
EH1333,Adidas,Adidas
EF0524,Adidas,Adidas
EH1847,Adidas,Adidas
G27491,Adidas,Adidas
EF0708,Adidas,Adidas
EE4005,Adidas,Adidas
EG0761,Adidas,Adidas
EF2774,Adidas,Adidas
EE5147,Adidas,Adidas
EF1565,Adidas,Adidas
F35285,Adidas,Adidas
G27482,Adidas,Adidas
BC1031,Adidas,Adidas
F35539,Adidas,Adidas
CK9816,Adidas,Adidas
B96338,Adidas,Adidas
CM7531,Adidas,Adidas
EG1369,Adidas,Adidas
EG1837,Adidas,Adidas
FV6106,Adidas,Adidas
FU8929,None,
FV4526,Adidas,Adidas
EG3729,Adidas,Adidas
FU8941,Adidas,Adidas
FU8932,Adidas,Adidas
CM6080,Adidas,Adidas
CM6051,Adidas,Adidas
CM6052,Adidas,Adidas
CM6081,Adidas,Adidas
CM6068,Adidas,Adidas
FV4418,Adidas,Adidas
CM6069,Adidas,Adidas
CM6073,Adidas,Adidas
FV4525,Adidas,Adidas
CM6044,Adidas,Adidas
FV2875,Adidas,Adidas
FW2152,Adidas,Adidas
FV2874,Adidas,Adidas
CJ8072,Adidas,Adidas
CJ8088,Adidas,Adidas
CK9657,Adidas,Adidas
AC7043,Adidas,Adidas
FW9783,Adidas,Adidas
F35607,Adidas,Adidas
CJ8111,Adidas,Adidas
CL7446,Adidas,Adidas
G26990,Adidas,Adidas
CJ0194,Adidas,Adidas
EH0021,Adidas,Adidas
B44861,Adidas,Adidas
EE7610,Adidas,Adidas
BD7439,Adidas,Adidas
F34604,Adidas,Adidas
CJ8107,Adidas,Adidas
B37550,Adidas,Adidas
CJ8069,Adidas,Adidas
CJ7992,Adidas,Adidas
CJ7987,Adidas,Adidas
F36162,Adidas,Adidas
G26776,Adidas,Adidas
CG6537,Adidas,Adidas
BB9420,Adidas,Adidas
CK9660,Adidas,Adidas
CJ8109,Adidas,Adidas
CJ0044,Adidas,Adidas
CJ8116,Adidas,Adidas
CK9445,Adidas,Adidas
EF0148,Adidas,Adidas
CG7123,Adidas,Adidas
EE5677,Adidas,Adidas
EE5819,Adidas,Adidas
EE5834,Adidas,Adidas
EE5361,Adidas,Adidas
EE5415,None,
EE4924,Adidas,Adidas
CJ0180,Adidas,Adidas
F36645,Adidas,Adidas
AQ0907,Adidas,Adidas
CM4930,Adidas,Adidas
CM4547,Adidas,Adidas
EE6377,Adidas,Adidas
DB0271,Adidas,Adidas
G27402,Adidas,Adidas
EE7843,Adidas,Adidas
EG6864,Adidas,Adidas
EH0173,Adidas,Adidas
EH2181,Adidas,Adidas
FV4529,Adidas,Adidas
CM4863,Adidas,Adidas
EE6894,Adidas,Adidas
B41823,Adidas,Adidas
CI1871,Adidas,Adidas
B43829,Adidas,Adidas
F35514,Adidas,Adidas
B44820,Adidas,Adidas
B44736,Adidas,Adidas
CM4864,Adidas,Adidas
F34498,Adidas,Adidas
EE6011,Adidas,Adidas
CK9656,Adidas,Adidas
CL7360,Adidas,Adidas
CK9546,Adidas,Adidas
S75104,Adidas,Adidas
CK9507,Adidas,Adidas
F35598,Adidas,Adidas
CL0207,Adidas,Adidas
CI9700,Adidas,Adidas
CI1704,Adidas,Adidas
EE5730,Adidas,Adidas
EE6029,Adidas,Adidas
CQ2406,Adidas,Adidas
EF6552,Adidas,Adidas
F36717,Adidas,Adidas
CL7284,Adidas,Adidas
F36424,Adidas,Adidas
BD7497,Adidas,Adidas
EE7901,Adidas,Adidas
EE7905,Adidas,Adidas
EE7907,Adidas,Adidas
EE7690,Adidas,Adidas
EE7696,Adidas,Adidas
EE7382,Adidas,Adidas
EE7693,Adidas,Adidas
EE7422,Adidas,Adidas
EE7900,Adidas,Adidas
EE6151,Adidas,Adidas
EE5520,None,
EE5399,Adidas,Adidas
EE8153,Adidas,Adidas
EE6110,Adidas,Adidas
EE7881,Adidas,Adidas
EE6077,Adidas,Adidas
EE7360,Adidas,Adidas
EE7880,Adidas,Adidas
CM5956,Adidas,Adidas
EE9648,Adidas,Adidas
FV3020,Adidas,Adidas
CM5971,Adidas,Adidas
CM5963,Adidas,Adidas
CM5978,Adidas,Adidas
CM5962,Adidas,Adidas
CM5975,Adidas,Adidas
CM5961,Adidas,Adidas
CM5974,Adidas,Adidas
CM5990,Adidas,Adidas
CM5979,Adidas,Adidas
AQ0863,Adidas,Adidas
CJ8104,Adidas,Adidas
CM5965,Adidas,Adidas
CL7519,Adidas,Adidas
EE5108,Adidas,Adidas
CL9930,Adidas,Adidas
EF0815,Adidas,Adidas
CL9935,Adidas,Adidas
CM4795,Adidas,Adidas
F35061,Adidas,Adidas
CM4978,Adidas,Adidas
EG1686,Adidas,Adidas
FV2838,Adidas,Adidas
EF4344,Adidas,Adidas
EH0188,Adidas,Adidas
EE6037,Adidas,Adidas
CM0039,Adidas,Adidas
G27636,Adidas,Adidas
F34392,Adidas,Adidas
EG1728,Adidas,Adidas
DB1758,Adidas,Adidas
CI1822,Adidas,Adidas
CI9830,Adidas,Adidas
DB1459,Adidas,Adidas
EG5947,Adidas,Adidas
B44809,Adidas,Adidas
CG4044,Adidas,Adidas
CI9931,Adidas,Adidas
F35025,Adidas,Adidas
B96344,Adidas,Adidas
CL7543,Adidas,Adidas
F35560,Adidas,Adidas
CL7399,Adidas,Adidas
CL7303,None,
CL7509,Adidas,Adidas
EF3500,Adidas,Adidas
EE8024,Adidas,Adidas
EE3655,Adidas,Adidas
EE8447,Adidas,Adidas
CL7426,Adidas,Adidas
EF9182,Adidas,Adidas
EE6317,Adidas,Adidas
EF3836,Adidas,Adidas
FW5351,Adidas,Adidas
DB0958,Adidas,Adidas
CI9939,Adidas,Adidas
BD7577,Adidas,Adidas
BB7828,Adidas,Adidas
DB3530,Adidas,Adidas
F34864,Adidas,Adidas
CJ8087,Adidas,Adidas
F34568,Adidas,Adidas
B41812,Adidas,Adidas
CL7310,Adidas,Adidas
CL7397,Adidas,Adidas
CL7624,Adidas,Adidas
CL7573,Adidas,Adidas
BB7716,Adidas,Adidas
EE6318,Adidas,Adidas
BC0020,Adidas,Adidas
CI9699,Adidas,Adidas
CJ8027,Adidas,Adidas
B37736,Adidas,Adidas
D97080,Adidas,Adidas
CL7308,Adidas,Adidas
G27464,Adidas,Adidas
CL9966,Adidas,Adidas
BD7480,Adidas,Adidas
CI1823,Adidas,Adidas
DB0961,Adidas,Adidas
CQ2896,Adidas,Adidas
B41649,Adidas,Adidas
CQ1711,Adidas,Adidas
CI9992,Adidas,Adidas
B37725,Adidas,Adidas
CI9831,Adidas,Adidas
BB7613,Adidas,Adidas
CK1229,Adidas,Adidas
BB7829,Adidas,Adidas
B44821,Adidas,Adidas
CJ7975,Adidas,Adidas
B43651,Adidas,Adidas
F35012,Adidas,Adidas
CJ8106,Adidas,Adidas
EF8729,Adidas,Adidas
BD7932,Adidas,Adidas
BD7914,None,
CL7606,Adidas,Adidas
FV6448,Adidas,Adidas
G27639,Adidas,Adidas
CK9569,Adidas,Adidas
EE3649,Adidas,Adidas
CK9829,Adidas,Adidas
CG5801,Adidas,Adidas
CJ0027,Adidas,Adidas
CJ0070,Adidas,Adidas
CJ8989,Adidas,Adidas
BB7067,Adidas,Adidas
B41810,Adidas,Adidas
G26778,Adidas,Adidas
CJ8103,Adidas,Adidas
EE6876,Adidas,Adidas
EE7246,Adidas,Adidas
CK9805,Adidas,Adidas
EE5883,Adidas,Adidas
CK9785,Adidas,Adidas
CK9802,Adidas,Adidas
CK9860,Adidas,Adidas
EF1413,Adidas,Adidas
G27309,Adidas,Adidas
EE6436,Adidas,Adidas
EG8300,Adidas,Adidas
CM5922,Adidas,Adidas
CM4854,Adidas,Adidas
B43814,Adidas,Adidas
AC7045,Adidas,Adidas
D96746,Adidas,Adidas
EE3654,Adidas,Adidas
G26806,Adidas,Adidas
CQ1179,Adidas,Adidas
EE7840,Adidas,Adidas
EE4277,Adidas,Adidas
F35377,Adidas,Adidas
B37919,Adidas,Adidas
EG2363,Adidas,Adidas
CG3820,Adidas,Adidas
DB1560,Adidas,Adidas
F34428,Adidas,Adidas
F36994,Adidas,Adidas
B41648,Adidas,Adidas
B37959,Adidas,Adidas
BB6744,Adidas,Adidas
DB3588,Adidas,Adidas
F34563,Adidas,Adidas
F36208,Adidas,Adidas
CL7342,Adidas,Adidas
EE9721,Adidas,Adidas
FV2480,Adidas,Adidas
EE5590,Adidas,Adidas
CG2925,None,
BB6918,Adidas,Adidas
EE9513,Adidas,Adidas
CP8828,Adidas,Adidas
CP9344,Adidas,Adidas
F36171,Adidas,Adidas
CI9976,Adidas,Adidas
CI9701,Adidas,Adidas
B44806,Adidas,Adidas
EE4577,Adidas,Adidas
BZ0109,Adidas,Adidas
F34571,Adidas,Adidas
CJ8014,Adidas,Adidas
CP8822,Adidas,Adidas
F36242,Adidas,Adidas
CJ8074,Adidas,Adidas
CJ8015,Adidas,Adidas
CJ8114,Adidas,Adidas
CJ8075,Adidas,Adidas
F35444,Adidas,Adidas
EE5508,Adidas,Adidas
CJ7991,Adidas,Adidas
CL7312,Adidas,Adidas
CL7611,Adidas,Adidas
CK9605,Adidas,Adidas
CK9481,Adidas,Adidas
CK9505,Adidas,Adidas
CK9485,Adidas,Adidas
CL7489,Adidas,Adidas
CL9947,Adidas,Adidas
EE5668,Adidas,Adidas
CK9539,Adidas,Adidas
CI1702,Adidas,Adidas
CI1812,Adidas,Adidas
FV4298,Adidas,Adidas
CI1739,Adidas,Adidas
CI1935,Adidas,Adidas
B37266,Adidas,Adidas
B37955,Adidas,Adidas
BD7842,Adidas,Adidas
BD7528,Adidas,Adidas
BD7840,Adidas,Adidas
CI1738,Adidas,Adidas
AQ0535,Adidas,Adidas
FV2484,Adidas,Adidas
EE8137,Adidas,Adidas
CL7455,Adidas,Adidas
EE9267,Adidas,Adidas
FW5365,Adidas,Adidas
CJ0177,Adidas,Adidas
EE8445,Adidas,Adidas
CJ0212,Adidas,Adidas
EE7917,Adidas,Adidas
CK1086,None,
EF0586,Adidas,Adidas
EE7599,Adidas,Adidas
F34403,Adidas,Adidas
EF1157,Adidas,Adidas
F34407,Adidas,Adidas
G26942,Adidas,Adidas
F35379,Adidas,Adidas
F35382,Adidas,Adidas
F35378,Adidas,Adidas
F34400,Adidas,Adidas
EG4009,Adidas,Adidas
EE8489,Adidas,Adidas
BD7479,Adidas,Adidas
EE7763,Adidas,Adidas
BC0975,Adidas,Adidas
EF8730,Adidas,Adidas
EE7762,Adidas,Adidas
EE4937,Adidas,Adidas
EE8973,Adidas,Adidas
EE8331,Adidas,Adidas
EE4762,Adidas,Adidas
EE7163,Adidas,Adidas
EE6257,Adidas,Adidas
EE4445,Adidas,Adidas
EE4443,Adidas,Adidas
EF2102,Adidas,Adidas
CM0011,Adidas,Adidas
B22747,Adidas,Adidas
CM7988,Adidas,Adidas
BB9280,Adidas,Adidas
BC0973,Adidas,Adidas
CL7287,Adidas,Adidas
EE5790,Adidas,Adidas
CL0235,Adidas,Adidas
EF1344,Adidas,Adidas
G27506,Adidas,Adidas
F35373,Adidas,Adidas
F34394,Adidas,Adidas
DB3405,Adidas,Adidas
CK9474,Adidas,Adidas
EF8329,Adidas,Adidas
CL9983,Adidas,Adidas
EF0021,Adidas,Adidas
EF8348,Adidas,Adidas
CL9985,Adidas,Adidas
EF8211,Adidas,Adidas
CL9990,Adidas,Adidas
EF8208,Adidas,Adidas
EF1619,Adidas,Adidas
EG7224,Adidas,Adidas
CL9979,Adidas,Adidas
EF1958,Adidas,Adidas
EE9566,None,
EF1806,Adidas,Adidas
EE9573,Adidas,Adidas
EF1957,Adidas,Adidas
EF1634,Adidas,Adidas
EE9577,Adidas,Adidas
G28550,Adidas,Adidas
G28551,Adidas,Adidas
EG7155,Adidas,Adidas
EF1809,Adidas,Adidas
EG0963,Adidas,Adidas
CM5919,Adidas,Adidas
EF1664,Adidas,Adidas
BZ0084,Adidas,Adidas
CM5920,Adidas,Adidas
CM5921,Adidas,Adidas
EF2778,Adidas,Adidas
F34053,Adidas,Adidas
B27788,Adidas,Adidas
B37945,Adidas,Adidas
B37846,Adidas,Adidas
B96323,Adidas,Adidas
DB3143,Adidas,Adidas
B41825,Adidas,Adidas
F36630,Adidas,Adidas
B37787,Adidas,Adidas
DB3329,Adidas,Adidas
G27808,Adidas,Adidas
DB2609,Adidas,Adidas
CJ9009,Adidas,Adidas
CL0233,Adidas,Adidas
CI1719,Adidas,Adidas
CM0106,Adidas,Adidas
CK9437,Adidas,Adidas
F34579,Adidas,Adidas
F34578,Adidas,Adidas
F36629,Adidas,Adidas
CQ2330,Adidas,Adidas
DA9854,Adidas,Adidas
CL9937,Adidas,Adidas
CQ2358,Adidas,Adidas
DB0959,Adidas,Adidas
DB1592,Adidas,Adidas
CQ2630,Adidas,Adidas
B41736,Adidas,Adidas
CQ2809,Adidas,Adidas
B41671,Adidas,Adidas
B41719,Adidas,Adidas
B37633,Adidas,Adidas
B75680,Adidas,Adidas
B37995,Adidas,Adidas
B41766,Adidas,Adidas
B38003,Adidas,Adidas
B37638,None,
B27786,Adidas,Adidas
B37827,Adidas,Adidas
B37364,Adidas,Adidas
B42000,Adidas,Adidas
DB2736,Adidas,Adidas
BD7816,Adidas,Adidas
DB3276,Adidas,Adidas
BD7778,Adidas,Adidas
G27934,Adidas,Adidas
DB3565,Adidas,Adidas
F35627,Adidas,Adidas
F99866,Adidas,Adidas
F34038,Adidas,Adidas
DB1464,Adidas,Adidas
CJ3406,Adidas,Adidas
CI9718,Adidas,Adidas
DA9305,Adidas,Adidas
B44650,Adidas,Adidas
AC7044,Adidas,Adidas
CJ8055,Adidas,Adidas
B43642,Adidas,Adidas
CJ8100,Adidas,Adidas
CJ8028,Adidas,Adidas
CL7474,Adidas,Adidas
EF9181,Adidas,Adidas
CK9671,Adidas,Adidas
EE5855,Adidas,Adidas
EE5317,Adidas,Adidas
EE5621,Adidas,Adidas
EE4471,Adidas,Adidas
EE4446,Adidas,Adidas
EE4988,Adidas,Adidas
EE7741,Adidas,Adidas
EE7235,Adidas,Adidas
EE4962,Adidas,Adidas
EE4989,Adidas,Adidas
F36760,Adidas,Adidas
BD7316,Adidas,Adidas
EE7162,Adidas,Adidas
EE7238,Adidas,Adidas
CM6085,Adidas,Adidas
BC1037,Adidas,Adidas
CL7629,Adidas,Adidas
B41529,Adidas,Adidas
CL9920,Adidas,Adidas
B37727,Adidas,Adidas
AQ1022,Adidas,Adidas
D96745,Adidas,Adidas
BD7843,Adidas,Adidas
CL9922,Adidas,Adidas
CK9593,Adidas,Adidas
F34037,Adidas,Adidas
G28999,None,
EE9812,Adidas,Adidas
F34608,Adidas,Adidas
F99253,Adidas,Adidas
F36204,Adidas,Adidas
B79773,Adidas,Adidas
B43743,Adidas,Adidas
B79774,Adidas,Adidas
CL0208,Adidas,Adidas
EE6664,Adidas,Adidas
CM7593,Adidas,Adidas
CM0037,Adidas,Adidas
EH1294,Adidas,Adidas
FV4300,Adidas,Adidas
B41677,Adidas,Adidas
CL7540,Adidas,Adidas
F34944,Adidas,Adidas
CL7625,Adidas,Adidas
CL7510,Adidas,Adidas
CL7512,Adidas,Adidas
EE9894,Adidas,Adidas
F35606,Adidas,Adidas
CK9842,Adidas,Adidas
CK9810,Adidas,Adidas
CK9787,Adidas,Adidas
CK9812,Adidas,Adidas
CL9975,Adidas,Adidas
G26170,Adidas,Adidas
F97258,Adidas,Adidas
CL9980,Adidas,Adidas
EG2066,Adidas,Adidas
CL9981,Adidas,Adidas
CM5995,Adidas,Adidas
AC8133,Adidas,Adidas
EE3656,Adidas,Adidas
G27274,Adidas,Adidas
G28372,Adidas,Adidas
EG1188,Adidas,Adidas
G27364,Adidas,Adidas
G28583,Adidas,Adidas
EF0582,Adidas,Adidas
CL7522,Adidas,Adidas
CM0040,Adidas,Adidas
CL9940,Adidas,Adidas
EE5107,Adidas,Adidas
DA9853,Adidas,Adidas
CG5675,Adidas,Adidas
EE5357,Adidas,Adidas
CL7641,Adidas,Adidas
EE5451,Adidas,Adidas
CK9458,Adidas,Adidas
EE4444,Adidas,Adidas
G28970,Adidas,Adidas
DB3021,None,
EE6378,Adidas,Adidas
BB9890,Adidas,Adidas
EF2511,Adidas,Adidas
F36393,Adidas,Adidas
CL7275,Adidas,Adidas
EE7906,Adidas,Adidas
EE7908,Adidas,Adidas
EE7681,Adidas,Adidas
EE7680,Adidas,Adidas
EF5887,Adidas,Adidas
EE9675,Adidas,Adidas
EG8323,Adidas,Adidas
FV4417,Adidas,Adidas
EG3493,Adidas,Adidas
EE9717,Adidas,Adidas
CM4938,Adidas,Adidas
G27276,Adidas,Adidas
B37789,Adidas,Adidas
F36993,Adidas,Adidas
CM4773,Adidas,Adidas
BB1879,Adidas,Adidas
BB1878,Adidas,Adidas
BA9109,Adidas,Adidas
BB6079,Adidas,Adidas
BY2405,Adidas,Adidas
CJ8985,Adidas,Adidas
CL9949,Adidas,Adidas
CM0041,Adidas,Adidas
CK1083,Adidas,Adidas
CL0213,Adidas,Adidas
B43659,Adidas,Adidas
BC0516,Adidas,Adidas
BB9426,Adidas,Adidas
F34426,Adidas,Adidas
BD7810,Adidas,Adidas
B44699,Adidas,Adidas
EF8373,Adidas,Adidas
EG7971,Adidas,Adidas
EG7972,Adidas,Adidas
AQ0106,Adidas,Adidas
F34813,Adidas,Adidas
EE7379,Adidas,Adidas
EE9631,Adidas,Adidas
CK9819,Adidas,Adidas
EH1172,Adidas,Adidas
EE9635,Adidas,Adidas
EF9612,Adidas,Adidas
EH1851,Adidas,Adidas
EG1713,Adidas,Adidas
CM5923,Adidas,Adidas
CM5942,Adidas,Adidas
CM5932,Adidas,Adidas
CM5937,None,
CM5933,Adidas,Adidas
CM5924,Adidas,Adidas
CM5938,Adidas,Adidas
EG4344,Adidas,Adidas
EG5839,Adidas,Adidas
EF8850,Adidas,Adidas
CL9957,Adidas,Adidas
B37704,Adidas,Adidas
CL9964,Adidas,Adidas
EF0804,Adidas,Adidas
EG1144,Adidas,Adidas
EG1146,Adidas,Adidas
EH1531,Adidas,Adidas
EE4316,Adidas,Adidas
EG1393,Adidas,Adidas
EG0978,Adidas,Adidas
EG0959,Adidas,Adidas
EE4185,Adidas,Adidas
EG0693,Adidas,Adidas
EF1043,Adidas,Adidas
EH1530,Adidas,Adidas
DB3145,Adidas,Adidas
CL7378,Adidas,Adidas
EG1391,Adidas,Adidas
FV4284,Adidas,Adidas
EG0695,Adidas,Adidas
EE5403,Adidas,Adidas
F35565,Adidas,Adidas
EE4935,Adidas,Adidas
F36392,Adidas,Adidas
EE5597,Adidas,Adidas
EG4370,Adidas,Adidas
EE7888,Adidas,Adidas
DB0156,Adidas,Adidas
EE7686,Adidas,Adidas
D96523,Adidas,Adidas
EG3278,Adidas,Adidas
EF6989,Adidas,Adidas
D96524,Adidas,Adidas
F35626,Adidas,Adidas
F35629,Adidas,Adidas
F35619,Adidas,Adidas
EF1162,Adidas,Adidas
G27244,Adidas,Adidas
CP9196,Adidas,Adidas
CP9028,Adidas,Adidas
CP8933,Adidas,Adidas
CP9029,Adidas,Adidas
BB9345,Adidas,Adidas
DB2064,Adidas,Adidas
DB2188,Adidas,Adidas
DB2125,Adidas,Adidas
DA9588,None,
DB2080,Adidas,Adidas
DB2463,Adidas,Adidas
DB2166,Adidas,Adidas
BB9185,Adidas,Adidas
BC0552,Adidas,Adidas
BC0316,Adidas,Adidas
BB9375,Adidas,Adidas
D97992,Adidas,Adidas
BB8113,Adidas,Adidas
B43665,Adidas,Adidas
BB9188,Adidas,Adidas
EE7042,Adidas,Adidas
BB6280,Adidas,Adidas
CK9455,Adidas,Adidas
CG4019,Adidas,Adidas
F35784,Adidas,Adidas
BB6291,Adidas,Adidas
CQ3176,Adidas,Adidas
D97306,Adidas,Adidas
D97451,Adidas,Adidas
CK9859,Adidas,Adidas
G28832,Adidas,Adidas
EF5431,Adidas,Adidas
F34393,Adidas,Adidas
EF4258,Adidas,Adidas
CM5970,Adidas,Adidas
AQ0533,Adidas,Adidas
EG4958,Adidas,Adidas
280648,Adidas,Adidas
288022,Adidas,Adidas
CK9857,Adidas,Adidas
CL9944,Adidas,Adidas
FW0536,Adidas,Adidas
EF0709,Adidas,Adidas
BB6351,Adidas,Adidas
FU8299,Adidas,Adidas
CK9684,Adidas,Adidas
DB2071,Adidas,Adidas
BB9335,Adidas,Adidas
F36199,Adidas,Adidas
FV8788,Adidas,Adidas
EE6255,Adidas,Adidas
EE9845,Adidas,Adidas
EF0416,Adidas,Adidas
EF3830,Adidas,Adidas
EG3106,Adidas,Adidas
EG3667,Adidas,Adidas
FV3907,Adidas,Adidas
CM4815,Adidas,Adidas
FV4287,Adidas,Adidas
FV4291,Adidas,Adidas
BY9260,Adidas,Adidas
BB5478,None,
CM4832,Adidas,Adidas
AQ8531,Adidas,Adidas
G27706,Adidas,Adidas
CK9655,Adidas,Adidas
EF4690,Adidas,Adidas
EF4689,Adidas,Adidas
EG4959,Adidas,Adidas
F35611,Adidas,Adidas
FV3017,Adidas,Adidas
FV2807,Adidas,Adidas
EG3284,Adidas,Adidas
F35383,Adidas,Adidas
F34412,Adidas,Adidas
EE9663,Adidas,Adidas
CQ2332,Adidas,Adidas
EE7744,Adidas,Adidas
EE7801,Adidas,Adidas
EF5945,Adidas,Adidas
FV4649,Adidas,Adidas
EF5891,Adidas,Adidas
EF5884,Adidas,Adidas
EH0169,Adidas,Adidas
EG7964,Adidas,Adidas
FV3023,Adidas,Adidas
EH0175,Adidas,Adidas
BB9347,Adidas,Adidas
FV2872,Adidas,Adidas
CP8971,Adidas,Adidas
F35341,Adidas,Adidas
FX4259,Adidas,Adidas
BB9367,Adidas,Adidas
CG6830,Adidas,Adidas
BB8090,Adidas,Adidas
EF8368,Adidas,Adidas
EE7695,Adidas,Adidas
EG6208,Adidas,Adidas
EE7678,Adidas,Adidas
EF1357,Adidas,Adidas
G27367,Adidas,Adidas
EF1240,Adidas,Adidas
EF8287,Adidas,Adidas
EF8292,Adidas,Adidas
EF2380,Adidas,Adidas
CM4816,Adidas,Adidas
CM4936,Adidas,Adidas
FW5354,Adidas,Adidas
FW8153,Adidas,Adidas
CM4881,Adidas,Adidas
F34408,Adidas,Adidas
CL7362,Adidas,Adidas
F35594,Adidas,Adidas
EF9237,Adidas,Adidas
CG6465,None,
B43739,Adidas,Adidas
F35316,Adidas,Adidas
EE5803,Adidas,Adidas
EG3730,Adidas,Adidas
CM6084,Adidas,Adidas
EF4261,Adidas,Adidas
FW2154,Adidas,Adidas
CL7640,Adidas,Adidas
G26989,Adidas,Adidas
EE7720,Adidas,Adidas
B37698,Adidas,Adidas
CM6072,Adidas,Adidas
CK9795,Adidas,Adidas
FU8940,Adidas,Adidas
CL9923,Adidas,Adidas
BY4027,Adidas,Adidas
F35621,Adidas,Adidas
EE9554,Adidas,Adidas
B37697,Adidas,Adidas
FV7538,Adidas,Adidas
D97436,Adidas,Adidas
EE7692,Adidas,Adidas
EE9664,Adidas,Adidas
EE6036,Adidas,Adidas
FV7536,Adidas,Adidas
EH0151,Adidas,Adidas
CM5985,Adidas,Adidas
CM5951,Adidas,Adidas
CM5952,Adidas,Adidas
CM5964,Adidas,Adidas
EF1343,Adidas,Adidas
EF4343,Adidas,Adidas
B44142,Adidas,Adidas
EE4320,Adidas,Adidas
CL0252,Adidas,Adidas
EE7904,Adidas,Adidas
CM4885,Adidas,Adidas
BY4061,Adidas,Adidas
G26565,Adidas,Adidas
F36333,Adidas,Adidas
CL9986,Adidas,Adidas
EF8210,Adidas,Adidas
CL9976,Adidas,Adidas
EE4805,Adidas,Adidas
EF1814,Adidas,Adidas
EG0953,Adidas,Adidas
CM5915,Adidas,Adidas
G27504,Adidas,Adidas
BD7819,Adidas,Adidas
EF4260,Adidas,Adidas
EF4001,Adidas,Adidas
EF4262,Adidas,Adidas
EF5432,None,
EF4028,Adidas,Adidas
EG8354,Adidas,Adidas
EG8355,Adidas,Adidas
CM4551,Adidas,Adidas
FV3018,Adidas,Adidas
EE4324,Adidas,Adidas
F34469,Adidas,Adidas
F35381,Adidas,Adidas
B96558,Adidas,Adidas
BA7376,Adidas,Adidas
B37435,Adidas,Adidas
F36334,Adidas,Adidas
CL7338,Adidas,Adidas
CQ1108,Adidas,Adidas
FV4083,Adidas,Adidas
CK1084,Adidas,Adidas
CQ1129,Adidas,Adidas
CQ1114,Adidas,Adidas
B22729,Adidas,Adidas
F36236,Adidas,Adidas
F36232,Adidas,Adidas
DB3555,Adidas,Adidas
B42259,Adidas,Adidas
B22728,Adidas,Adidas
B27818,Adidas,Adidas
B22721,Adidas,Adidas
B22726,Adidas,Adidas
B22762,Adidas,Adidas
B41486,Adidas,Adidas
B41686,Adidas,Adidas
B41776,Adidas,Adidas
F36221,Adidas,Adidas
B22790,Adidas,Adidas
BD7809,Adidas,Adidas
EG1212,Adidas,Adidas
EG1346,Adidas,Adidas
DB1347,Adidas,Adidas
F35595,Adidas,Adidas
B96569,Adidas,Adidas
F35593,Adidas,Adidas
EF2099,Adidas,Adidas
G27132,Adidas,Adidas
DB3389,Adidas,Adidas
EF1649,Adidas,Adidas
EF1698,Adidas,Adidas
EF2208,Adidas,Adidas
EG0964,Adidas,Adidas
EG7202,Adidas,Adidas
EG7130,Adidas,Adidas
FU8926,Adidas,Adidas
EF1707,Adidas,Adidas
G54739,Adidas,Adidas
B44705,None,
DA8693,Adidas,Adidas
CM0105,Adidas,Adidas
F34611,Adidas,Adidas
EG5933,Adidas,Adidas
BB6574,Adidas,Adidas
BD7878,Adidas,Adidas
CK8040,Adidas,Adidas
CK8037,Adidas,Adidas
CK8039,Adidas,Adidas
EE6254,Adidas,Adidas
EE6081,Adidas,Adidas
EE7383,Adidas,Adidas
EE9665,Adidas,Adidas
EE6111,Adidas,Adidas
D97654,Adidas,Adidas
EE6112,Adidas,Adidas
CL9854,Adidas,Adidas
EE4284,Adidas,Adidas
EF0609,Adidas,Adidas
CM0060,Adidas,Adidas
G26566,Adidas,Adidas
EF0500,Adidas,Adidas
F34375,Adidas,Adidas
EG1851,Adidas,Adidas
BB7236,Adidas,Adidas
CP9392,Adidas,Adidas
F34573,Adidas,Adidas
CL9853,Adidas,Adidas
EF2378,Adidas,Adidas
F34390,Adidas,Adidas
CL9851,Adidas,Adidas
F36412,Adidas,Adidas
BB9425,Adidas,Adidas
S78048,Adidas,Adidas
G27463,Adidas,Adidas
B44869,Adidas,Adidas
CM0002,Adidas,Adidas
EH1837,Adidas,Adidas
EF2392,Adidas,Adidas
EH0433,Adidas,Adidas
EE4393,Adidas,Adidas
EE9642,Adidas,Adidas
EG0692,Adidas,Adidas
F34376,Adidas,Adidas
DA9997,Adidas,Adidas
G28527,Adidas,Adidas
CQ0443,Adidas,Adidas
EE9555,Adidas,Adidas
EE9027,Adidas,Adidas
G28523,Adidas,Adidas
DB3390,Adidas,Adidas
BB9440,Adidas,Adidas
CP8932,None,
D97959,Adidas,Adidas
D97609,Adidas,Adidas
BB9187,Adidas,Adidas
AQ0407,Adidas,Adidas
FW5366,Adidas,Adidas
CJ8979,Adidas,Adidas
B42099,Adidas,Adidas
CM0042,Adidas,Adidas
EE6814,Adidas,Adidas
BD7927,Adidas,Adidas
FU8296,Adidas,Adidas
EE9576,Adidas,Adidas
CM5914,Adidas,Adidas
EF0893,Adidas,Adidas
EG0979,Adidas,Adidas
CK9797,Adidas,Adidas
B37706,Adidas,Adidas
CG6237,Adidas,Adidas
AW4591,Adidas,Adidas
DB3364,Adidas,Adidas
F35234,Adidas,Adidas
B37703,Adidas,Adidas
D97441,Adidas,Adidas
CM6023,Adidas,Adidas
CM6022,Adidas,Adidas
EH0166,Adidas,Adidas
EG0429,Adidas,Adidas
FU8298,Adidas,Adidas
FV0033,Adidas,Adidas
CL9987,Adidas,Adidas
FU8297,Adidas,Adidas
EF0573,Adidas,Adidas
EG0755,Adidas,Adidas
FW1970,Adidas,Adidas
BD7865,Adidas,Adidas
EG2211,Adidas,Adidas
D69234,Adidas,Adidas
EG2216,Adidas,Adidas
EG2007,Adidas,Adidas
CM6029,Adidas,Adidas
EF2479,Adidas,Adidas
EE9658,Adidas,Adidas
CM6028,Adidas,Adidas
EE7669,Adidas,Adidas
CM6027,Adidas,Adidas
EG2009,Adidas,Adidas
CM6007,Adidas,Adidas
CL9855,Adidas,Adidas
EF3504,Adidas,Adidas
EF0606,Adidas,Adidas
M20324,Adidas,Adidas
EG2659,Adidas,Adidas
FW5445,None,
FW3136,Adidas,Adidas
EH1106,Adidas,Adidas
EH1943,Adidas,Adidas
EG0773,Adidas,Adidas
EG2799,Adidas,Adidas
EF9919,Adidas,Adidas
EE4599,Adidas,Adidas
EF9866,Adidas,Adidas
EF9908,Adidas,Adidas
CM6031,Adidas,Adidas
CM6012,Adidas,Adidas
EF9926,Adidas,Adidas
CM6013,Adidas,Adidas
D96931,Adidas,Adidas
BB3218,Adidas,Adidas
EH1875,Adidas,Adidas
CM6032,Adidas,Adidas
EG0691,Adidas,Adidas
G28220,Adidas,Adidas
FW0525,Adidas,Adidas
G26934,Adidas,Adidas
EF3509,Adidas,Adidas
EF3503,Adidas,Adidas
EF3505,Adidas,Adidas
CM6008,Adidas,Adidas
BC0980,Adidas,Adidas
EF9924,Adidas,Adidas
CJ1646-600,Nike,Nike
CT4328-101,Nike,Nike
CI3482-200,Nike,Nike
CD0479-200,Nike,Nike
CZ6156-101,Nike,Nike
CJ6314-146,Nike,Nike
CI0808-100,Nike,Nike
CJ0861-017,Nike,Nike
AT8242-009,Nike,Nike
CK2595-500,Nike,Nike
CD0490-104,Nike,Nike
315115-112,Nike,Nike
AV5186-101,Nike,Nike
CJ0860-668,Nike,Nike
AJ6910-009,Nike,Nike
BQ7043-668,Nike,Nike
CK2608-100,Nike,Nike
921733-104,Nike,Nike
CJ1379-001,Nike,Nike
CT1726-100,Nike,Nike
CT4525-001,Nike,Nike
923112-001,Nike,Nike
BQ3381-600,Nike,Nike
AO2982-076,Nike,Nike
CJ0277-002,Nike,Nike
AQ2730-009,None,
CT1030-100,Nike,Nike
CK9671-001,Nike,Nike
BQ4632-602,Nike,Nike
CJ0280-001,Nike,Nike
AR6374-402,Nike,Nike
CU5646-001,Nike,Nike
AR4543-013,Nike,Nike
CI3707-100,Nike,Nike
CQ9500-100,Nike,Nike
CJ1642-002,Nike,Nike
CD0888-002,Nike,Nike
CI3868-001,Nike,Nike
CJ0636-100,Nike,Nike
852542-087,Nike,Nike
CK2351-601,Nike,Nike
BV0657-400,Nike,Nike
AT8000-104,Nike,Nike
554724-066,Nike,Nike
CJ0619-100,Nike,Nike
CJ0592-001,Nike,Nike
CT3867-001,Nike,Nike
CJ0267-001,Nike,Nike
AT7998-104,Nike,Nike
AT7898-104,Nike,Nike
CD5086-500,Nike,Nike
CJ0625-700,Nike,Nike
CT4352-104,Nike,Nike
CD3002-103,Nike,Nike
CD3460-010,Nike,Nike
CD3395-006,Nike,Nike
CQ6569-001,Nike,Nike
AT7997-606,Nike,Nike
CI3708-700,Nike,Nike
CT1104-700,Nike,Nike
CD5007-102,Nike,Nike
AT7995-104,Nike,Nike
BV9977-101,Nike,Nike
CD0200-003,Nike,Nike
BQ3177-100,Nike,Nike
DA4155-400,Nike,Nike
CJ0773-010,Nike,Nike
CQ0912-100,Nike,Nike
CT1099-093,Nike,Nike
CI1718-001,Nike,Nike
CD0490-101,Nike,Nike
AT7980-606,Nike,Nike
BQ3202-011,Nike,Nike
CD0113-400,Nike,Nike
CQ2344-100,Nike,Nike
AO4971-700,Nike,Nike
AV2605-101,Nike,Nike
AA1625-009,Nike,Nike
CK3022-005,None,
AO7351-104,Nike,Nike
AJ9515-001,Nike,Nike
AO2434-101,Nike,Nike
CJ0861-010,Nike,Nike
AT1198-401,Nike,Nike
AT7996-606,Nike,Nike
CK2772-101,Nike,Nike
AQ7477-009,Nike,Nike
AQ5707-001,Nike,Nike
BV4584-001,Nike,Nike
CD6721-808,Nike,Nike
AO0566-606,Nike,Nike
AT5410-003,Nike,Nike
BV6348-300,Nike,Nike
CI3703-401,Nike,Nike
AT7946-414,Nike,Nike
BQ5401-001,Nike,Nike
BV7725-500,Nike,Nike
CU7623-002,Nike,Nike
CK5669-400,Nike,Nike
704939-103,Nike,Nike
CD5050-400,Nike,Nike
CK5836-100,Nike,Nike
CI1396-600,Nike,Nike
CD0916-001,Nike,Nike
BV1507-001,Nike,Nike
BQ6623-070,Nike,Nike
CD4156-606,Nike,Nike
CI3831-200,Nike,Nike
AO1741-003,Nike,Nike
AH8050-100,Nike,Nike
CD4159-606,Nike,Nike
CK4363-100,Nike,Nike
CN8490-100,Nike,Nike
CI9921-001,Nike,Nike
AO3269-717,Nike,Nike
CI9367-301,Nike,Nike
AT7960-104,Nike,Nike
AT8179-100,Nike,Nike
AV3866-001,Nike,Nike
AH1015-010,Nike,Nike
AT5293-004,Nike,Nike
AT7949-606,Nike,Nike
AT6395-002,Nike,Nike
CK6357-005,Nike,Nike
AV5555-001,Nike,Nike
310805-137,Nike,Nike
130690-017,Nike,Nike
CT1264-101,Nike,Nike
CK5668-600,Nike,Nike
BQ5427-401,Nike,Nike
AQ7497-300,Nike,Nike
CT4526-100,None,
AH7378-801,Nike,Nike
CJ0404-001,Nike,Nike
CI3871-300,Nike,Nike
BQ2728-012,Nike,Nike
CT3110-400,Nike,Nike
CJ0270-601,Nike,Nike
CT8919-700,Nike,Nike
CT1020-001,Nike,Nike
CD5082-001,Nike,Nike
BV5739-500,Nike,Nike
CW4286-100,Nike,Nike
CD0887-201,Nike,Nike
CD5028-900,Nike,Nike
AJ6900-102,Nike,Nike
CI9842-500,Nike,Nike
CI0919-100,Nike,Nike
CK7200-800,Nike,Nike
487754-303,Nike,Nike
AH7249-118,Nike,Nike
CJ9684-001,Nike,Nike
AO0354-108,Nike,Nike
AT2863-100,Nike,Nike
832528-001,Nike,Nike
CD4371-001,Nike,Nike
AQ8830-016,Nike,Nike
AO9819-001,Nike,Nike
AR3863-101,Nike,Nike
CI3706-100,Nike,Nike
AT1369-103,Nike,Nike
AQ1189-009,Nike,Nike
CU5133-600,Nike,Nike
CK9670-100,Nike,Nike
CI5546-100,Nike,Nike
BQ6826-003,Nike,Nike
CU0814-102,Nike,Nike
AV4789-104,Nike,Nike
CJ3312-001,Nike,Nike
AR6631-004,Nike,Nike
BQ6166-003,Nike,Nike
CQ0492-001,Nike,Nike
918193-700,Nike,Nike
AQ0926-001,Nike,Nike
AQ7489-008,Nike,Nike
CD7070-009,Nike,Nike
AH7857-009,Nike,Nike
CT5229-001,Nike,Nike
CJ1300-401,Nike,Nike
880848-005,Nike,Nike
AT8240-003,Nike,Nike
942851-002,Nike,Nike
AR5677-200,Nike,Nike
CI9949-001,None,
AJ6959-717,Nike,Nike
415445-102,Nike,Nike
BQ5422-200,Nike,Nike
AT7975-606,Nike,Nike
553558-125,Nike,Nike
AQ0925-002,Nike,Nike
CD6404-800,Nike,Nike
AQ4176-049,Nike,Nike
CT3632-001,Nike,Nike
CK2718-003,Nike,Nike
AO2924-401,Nike,Nike
AR4229-003,Nike,Nike
AQ8306-407,Nike,Nike
CD0881-104,Nike,Nike
CT5342-007,Nike,Nike
CI3705-600,Nike,Nike
AQ7878-003,Nike,Nike
AO0570-810,Nike,Nike
CT5528-001,Nike,Nike
CD7288-001,Nike,Nike
BQ5435-703,Nike,Nike
BV0612-001,Nike,Nike
CD2182-001,Nike,Nike
133000-106,Nike,Nike
CJ0579-400,Nike,Nike
BV0417-401,Nike,Nike
AQ2203-003,Nike,Nike
BV5502-600,Nike,Nike
CD7005-001,Nike,Nike
CD2803-001,Nike,Nike
CJ6971-001,Nike,Nike
AJ7695-100,Nike,Nike
640744-016,Nike,Nike
AQ2568-100,Nike,Nike
CT2007-100,Nike,Nike
CI3866-100,Nike,Nike
CU8861-460,Nike,Nike
AT6107-606,Nike,Nike
CJ0219-400,Nike,Nike
BQ5615-002,Nike,Nike
BQ3448-400,Nike,Nike
BV6344-001,Nike,Nike
CQ6639-001,Nike,Nike
AO2132-401,Nike,Nike
CD4363-103,Nike,Nike
CI3794-600,Nike,Nike
CK4126-001,Nike,Nike
CQ3317-001,Nike,Nike
AA8030-108,Nike,Nike
AO3622-006,Nike,Nike
AT7967-104,Nike,Nike
343881-412,Nike,Nike
AQ4312-107,Nike,Nike
CD0188-101,Nike,Nike
AA7406-006,Nike,Nike
CD0917-300,Nike,Nike
CI2666-400,Nike,Nike
AT5301-003,Nike,Nike
CD2153-001,Nike,Nike
AT7324-001,Nike,Nike
CJ0710-004,Nike,Nike
CK1069-001,Nike,Nike
CT3509-001,Nike,Nike
CD0191-009,Nike,Nike
AT3378-471,Nike,Nike
CD6105-007,Nike,Nike
CD4373-001,Nike,Nike
CD4173-606,Nike,Nike
AV1201-600,Nike,Nike
AV6337-003,Nike,Nike
CN6928-300,Nike,Nike
CD4372-004,Nike,Nike
AT5292-606,Nike,Nike
AQ2456-007,Nike,Nike
CJ0217-001,Nike,Nike
315122-001,Nike,Nike
CK0980-002,Nike,Nike
AR4225-003,Nike,Nike
CT3890-101,Nike,Nike
AT7999-414,Nike,Nike
CD4161-606,Nike,Nike
CD2189-002,Nike,Nike
CD6615-100,Nike,Nike
AO2605-600,Nike,Nike
864348-019,Nike,Nike
BQ5808-100,Nike,Nike
CN5501-046,Nike,Nike
BQ5102-400,Nike,Nike
CJ0588-001,Nike,Nike
BV7774-100,Nike,Nike
CI1694-300,Nike,Nike
631261-035,Nike,Nike
BQ4630-500,Nike,Nike
AT6099-606,Nike,Nike
AT5269-606,Nike,Nike
CN7664-800,Nike,Nike
CD4962-001,Nike,Nike
AO4568-600,Nike,Nike
705265-006,None,
CJ0266-001,Nike,Nike
AA1636-406,Nike,Nike
BQ5190-101,Nike,Nike
CT2692-002,Nike,Nike
AO0577-717,Nike,Nike
CU3005-171,Nike,Nike
AA8018-101,Nike,Nike
AV6243-400,Nike,Nike
CT2535-001,Nike,Nike
BQ5430-401,Nike,Nike
AQ0927-100,Nike,Nike
AQ4126-100,Nike,Nike
918194-003,Nike,Nike
AO0578-717,Nike,Nike
CK0986-002,Nike,Nike
BQ5469-703,Nike,Nike
CT5063-100,Nike,Nike
488161-602,Nike,Nike
528895-003,Nike,Nike
CD4570-300,Nike,Nike
BQ3203-007,Nike,Nike
CU3013-070,Nike,Nike
CD6720-808,Nike,Nike
CJ5472-900,Nike,Nike
315123-111,Nike,Nike
849559-004,Nike,Nike
AO3095-100,Nike,Nike
AR8836-009,Nike,Nike
CT5062-100,Nike,Nike
CN2408-001,Nike,Nike
414571-030,Nike,Nike
CJ2586-100,Nike,Nike
BQ5240-200,Nike,Nike
CI1504-100,Nike,Nike
CK2630-700,Nike,Nike
CD5029-001,Nike,Nike
CD0189-001,Nike,Nike
CK1195-101,Nike,Nike
CJ1292-401,Nike,Nike
BQ8928-011,Nike,Nike
BV5841-800,Nike,Nike
CD4387-100,Nike,Nike
BV1712-001,Nike,Nike
BV7106-400,Nike,Nike
AQ2210-002,Nike,Nike
AQ2222-200,Nike,Nike
BQ4430-400,Nike,Nike
CD2717-001,Nike,Nike
943806-602,None,
CN2932-100,Nike,Nike
CI9994-001,Nike,Nike
CN6916-100,Nike,Nike
CU2708-901,Nike,Nike
BQ6044-100,Nike,Nike
CD4365-003,Nike,Nike
749571-154,Nike,Nike
CI3835-002,Nike,Nike
CJ1306-401,Nike,Nike
CW6565-900,Nike,Nike
AO1742-004,Nike,Nike
AT6109-606,Nike,Nike
CD4172-606,Nike,Nike
AR4561-200,Nike,Nike
CD0132-001,Nike,Nike
BV1357-003,Nike,Nike
AT3381-008,Nike,Nike
AT7978-414,Nike,Nike
CJ6106-100,Nike,Nike
CK0089-100,Nike,Nike
CT7695-401,Nike,Nike
AO3258-080,Nike,Nike
BQ0129-106,Nike,Nike
AQ0114-101,Nike,Nike
AO1023-005,Nike,Nike
CW4409-100,Nike,Nike
BQ1896-002,Nike,Nike
AO3116-004,Nike,Nike
CI3870-100,Nike,Nike
CI2668-004,Nike,Nike
487471-003,Nike,Nike
CT2584-100,Nike,Nike
AQ5708-201,Nike,Nike
AR5676-401,Nike,Nike
AT6110-004,Nike,Nike
AQ7491-008,Nike,Nike
CI1291-400,Nike,Nike
CN5455-160,Nike,Nike
CD5036-100,Nike,Nike
CQ6278-001,Nike,Nike
CU3459-200,Nike,Nike
BQ3610-100,Nike,Nike
AT5303-100,Nike,Nike
CK2531-001,Nike,Nike
BQ3611-100,Nike,Nike
CV5515-001,Nike,Nike
AQ7487-201,Nike,Nike
AQ1289-003,Nike,Nike
881105-800,Nike,Nike
CI7523-002,None,
CT7698-600,Nike,Nike
BQ9665-301,Nike,Nike
BV7766-100,Nike,Nike
832655-001,Nike,Nike
CK2719-400,Nike,Nike
554724-050,Nike,Nike
AO3189-600,Nike,Nike
AQ2731-500,Nike,Nike
AH1016-602,Nike,Nike
AJ6844-007,Nike,Nike
CN3591-002,Nike,Nike
CI1214-004,Nike,Nike
343880-090,Nike,Nike
CQ7731-900,Nike,Nike
CD4366-002,Nike,Nike
CI5646-200,Nike,Nike
CD4573-001,Nike,Nike
BQ5613-001,Nike,Nike
AT8241-002,Nike,Nike
BQ4631-100,Nike,Nike
AQ2567-002,Nike,Nike
844127-108,Nike,Nike
AT7993-414,Nike,Nike
CK3309-001,Nike,Nike
749747-010,Nike,Nike
634835-108,Nike,Nike
366731-100,Nike,Nike
CD3398-063,Nike,Nike
CT5064-001,Nike,Nike
BQ4424-700,Nike,Nike
AV4417-002,Nike,Nike
AO0571-606,Nike,Nike
AT6174-004,Nike,Nike
AR7718-001,Nike,Nike
AQ7488-004,Nike,Nike
AV4126-002,Nike,Nike
CK2085-002,None,
CU0675-300,Nike,Nike
618919-031,Nike,Nike
BQ8927-102,Nike,Nike
921826-016,Nike,Nike
CK3314-400,Nike,Nike
BQ3378-002,Nike,Nike
BV7754-001,Nike,Nike
BV0415-300,Nike,Nike
AR5149-005,Nike,Nike
CQ7619-700,Nike,Nike
AQ4174-049,Nike,Nike
AJ1285-101,Nike,Nike
AV6259-500,Nike,Nike
AT5292-004,Nike,Nike
812654-011,Nike,Nike
CT5543-300,Nike,Nike
CU9174-600,Nike,Nike
CJ0509-001,Nike,Nike
CK3312-001,Nike,Nike
CT0624-100,Nike,Nike
CJ9712-001,Nike,Nike
CT1549-001,Nike,Nike
CD0683-600,Nike,Nike
BQ3212-600,Nike,Nike
807471-101,Nike,Nike
AT6175-100,Nike,Nike
AH6789-023,Nike,Nike
AT7996-414,Nike,Nike
922474-001,Nike,Nike
CI3898-200,Nike,Nike
CJ0882-001,Nike,Nike
BQ5467-101,Nike,Nike
AO3267-080,Nike,Nike
AQ7492-010,Nike,Nike
CJ0220-400,Nike,Nike
CQ6566-700,Nike,Nike
AJ4115-060,Nike,Nike
AQ1316-500,Nike,Nike
BV5740-101,Nike,Nike
CJ9681-001,Nike,Nike
AT6817-300,None,
CD0431-107,Nike,Nike
AV4052-116,Nike,Nike
CK4122-100,Nike,Nike
AQ7483-001,Nike,Nike
CD8526-446,Nike,Nike
CJ1292-703,Nike,Nike
CI1396-004,Nike,Nike
807471-103,Nike,Nike
CJ1794-600,Nike,Nike
CK6360-001,Nike,Nike
CQ6549-001,Nike,Nike
AR5339-002,Nike,Nike
CD2053-105,Nike,Nike
CI7395-100,Nike,Nike
AT5673-700,Nike,Nike
BV7775-100,Nike,Nike
CI7815-602,Nike,Nike
CJ0818-146,Nike,Nike
CI1289-100,Nike,Nike
CD7287-003,Nike,Nike
AO2607-401,Nike,Nike
AO3424-001,Nike,Nike
BQ5972-001,Nike,Nike
313358-006,Nike,Nike
CI1290-100,Nike,Nike
BV6484-002,Nike,Nike
885118-001,Nike,Nike
BV7099-400,Nike,Nike
BV3387-400,Nike,Nike
849560-001,Nike,Nike
AA7408-008,Nike,Nike
BQ9138-601,Nike,Nike
AV5187-602,Nike,Nike
AA0287-002,Nike,Nike
BV7756-001,Nike,Nike
AR6632-603,Nike,Nike
AA1640-002,Nike,Nike
AA8027-109,Nike,Nike
AR4225-100,Nike,Nike
CD6964-002,Nike,Nike
CN7383-300,Nike,Nike
CI7388-600,Nike,Nike
BV7782-001,Nike,Nike
CK2630-001,Nike,Nike
CN6867-001,Nike,Nike
BQ7978-001,Nike,Nike
844896-002,Nike,Nike
BQ6046-010,Nike,Nike
CT5770-300,Nike,Nike
CU3004-176,Nike,Nike
CI3899-200,Nike,Nike
BV0389-001,Nike,Nike
CQ0989-002,Nike,Nike
CI7379-400,Nike,Nike
CN6881-300,Nike,Nike
CI3869-500,Nike,Nike
AV9370-001,Nike,Nike
BV1134-001,Nike,Nike
CT1531-001,Nike,Nike
AR7410-603,Nike,Nike
BQ5435-401,Nike,Nike
812655-011,Nike,Nike
325213-139,Nike,Nike
AO9820-001,Nike,Nike
AA1626-602,Nike,Nike
AQ8228-102,Nike,Nike
AH7858-010,Nike,Nike
CI1246-302,Nike,Nike
AO7353-105,Nike,Nike
CI3709-001,Nike,Nike
AA8022-107,Nike,Nike
CK3321-100,Nike,Nike
AO3108-018,Nike,Nike
CQ2503-900,Nike,Nike
AR9293-603,Nike,Nike
BV0614-005,Nike,Nike
CQ7620-001,Nike,Nike
BV1021-007,Nike,Nike
CJ0842-600,Nike,Nike
AV9373-002,Nike,Nike
807443-503,Nike,Nike
AO3166-300,Nike,Nike
CI3446-001,Nike,Nike
AR4347-600,Nike,Nike
CI3867-001,Nike,Nike
CQ0278-200,Nike,Nike
AT7968-606,Nike,Nike
BV7757-500,Nike,Nike
CD2722-001,Nike,Nike
AT6100-606,Nike,Nike
CT9155-063,Nike,Nike
CI1236-100,Nike,Nike
AH6799-300,Nike,Nike
CJ9585-600,Nike,Nike
